timestamp,batch_id,error_json,payload
2025-06-19 23:58:10,A-fd51cf79-5f20-4039-8783-d1c4737c28f3,"[{""type"":""Contract Error"",""msg"":""CLICK_AFTER_CONVERSION_EVENT""}]",ActionTrackerId=57804&CampaignId=36368&ClickId=%7E5X0PWQW0POJOPJzpnoelc56405Z06ad5ZXPXYNOGEzokda92RMJA&CurrencyCode=USD&CustomerEmail=009602e83550c5d205cb08d5652fbd4c7e2ea495&CustomerStatus=New&EventDate=2025-06-19T23%3A55%3A53.000Z&IntegrationSource=Impact_BigCommerce_Plugin&IpAddress=63.196.203.55&OrderId=2206627&ItemSku1=VAP-GAI-BAR-0300&ItemQuantity1=1&ItemCategory1=Koi%20Balance%20Bar%20CBD%20Vape&ItemSubtotal1=35.99
2025-06-19 23:57:11,A-f418990a-4042-4c3b-98ad-90c76a55ba41,"[{""type"":""Contract Error"",""msg"":""CLICK_AFTER_CONVERSION_EVENT""}]",ActionTrackerId=57804&CampaignId=36368&ClickId=%7E5X0PWQW0POJOPJzpnoelc56405Z06ad5ZXPXYNOGEzokda92RMJA&CurrencyCode=USD&CustomerEmail=009602e83550c5d205cb08d5652fbd4c7e2ea495&CustomerStatus=New&EventDate=2025-06-19T23%3A55%3A53.000Z&IntegrationSource=Impact_BigCommerce_Plugin&IpAddress=63.196.203.55&OrderId=2206627&ItemSku1=VAP-GAI-BAR-0300&ItemQuantity1=1&ItemCategory1=Koi%20Balance%20Bar%20CBD%20Vape&ItemSubtotal1=35.99
2025-06-19 23:53:10,A-f4a43a3d-1c76-46a0-895d-479004e39823,"[{""type"":""Contract Error"",""msg"":""CLICK_AFTER_CONVERSION_EVENT""}]",ActionTrackerId=57804&CampaignId=36368&ClickId=%7E87b62Z5VMPVLMHzDFGwDukljfkeflkcjoqgbc453XPMKAxumc96X&CurrencyCode=USD&CustomerEmail=e3065796c373aa5848b0ca8b66abbbca1522372e&CustomerId=187059&CustomerStatus=New&EventDate=2025-06-19T23%3A51%3A21.000Z&IntegrationSource=Impact_BigCommerce_Plugin&OrderId=2206625&OrderPromoCode=GOODFEELS15&ItemSku1=FLW-ORG-003-THCA&ItemQuantity1=1&ItemCategory1=Orange%20Gelato%20Strain%20%28Sativa%29&ItemSubtotal1=33.99&ItemSku2=NCOMP-SAMP&ItemQuantity2=1&ItemCategory2=Welcome%20Pack&ItemSubtotal2=0
2025-06-19 23:46:11,A-2393411d-5ba8-4983-99fc-016af75b7064,"[{""type"":""Contract Error"",""msg"":""CLICK_AFTER_CONVERSION_EVENT""}]",ActionTrackerId=57804&CampaignId=36368&ClickId=%7Ef9d6XSMUOW18960423S0QHIFBGABGMHyAuyuvklc60UJGCzrhc-2&CurrencyCode=USD&CustomerEmail=5d5174c2c4ca2f2a1aba0b0b2e7c26d7552a8cff&CustomerId=180192&CustomerStatus=New&EventDate=2025-06-19T23%3A44%3A58.000Z&IntegrationSource=Impact_BigCommerce_Plugin&OrderId=2206623&ItemSku1=GUM-BOR-020-2500&ItemQuantity1=1&ItemCategory1=Koi%20Dragon%20Blend%20Gummies&ItemSubtotal1=79.99
2025-06-19 23:43:13,A-bca017d5-bb37-47d4-820b-851fe690bac4,"[{""type"":""Contract Error"",""msg"":""CLICK_AFTER_CONVERSION_EVENT""}]",ActionTrackerId=57804&CampaignId=36368&ClickId=%7E5X0PWQW0POJOPJzpnoelc563Z4YZ1QXNJDGwxmnh%7E4VOJFCvkfc5&CurrencyCode=USD&CustomerEmail=77c00ae551c5350a0114672af7f20c8ef2762c38&CustomerId=161821&CustomerStatus=Existing&EventDate=2025-06-19T23%3A42%3A11.000Z&IntegrationSource=Impact_BigCommerce_Plugin&OrderId=2206621&ItemSku1=GUM-BLR-060-1500D8&ItemQuantity1=1&ItemCategory1=Koi%20Delta%208%20THC%20Gummies&ItemSubtotal1=71.99
2025-06-19 23:40:10,A-af5284e3-92e6-4a0b-9efc-f805aa843861,"[{""type"":""Contract Error"",""msg"":""CLICK_AFTER_CONVERSION_EVENT""}]",ActionTrackerId=57804&CampaignId=36368&ClickId=%7E7%7E2XZ21W2X4Z0ZYVUVKRIzAwrxqrwAGMQXROPFGApmcb51YQGByo&CurrencyCode=USD&CustomerEmail=da0336e4d5b79e9bf14d7037ae52d16bacc3543c&CustomerStatus=New&EventDate=2025-06-19T23%3A38%3A04.000Z&IntegrationSource=Impact_BigCommerce_Plugin&OrderId=2206620&OrderPromoCode=BF5D0053KC&ItemSku1=GUM-BLR-020-2500-1&ItemQuantity1=1&ItemCategory1=Koi%20Dragon%20Blend%20Gummies%20-%2020%20count&ItemSubtotal1=55.99&ItemSku2=GUM-BLR-020-2500-1&ItemQuantity2=1&ItemCategory2=Koi%20Dragon%20Blend%20Gummies%20-%2020%20count&ItemSubtotal2=56
2025-06-19 23:36:11,A-de9653e8-d558-468f-94fb-1961e03e96ab,"[{""type"":""Contract Error"",""msg"":""CLICK_AFTER_CONVERSION_EVENT""}]",ActionTrackerId=57804&CampaignId=36368&ClickId=%7E2Y5a2VMIEADIJLDyBCJPGxyAynvwngnsmibef78ZUNGFvqng830Q&CurrencyCode=USD&CustomerEmail=a9b8a1496950c3153e23f26dd6cc1392a594d798&CustomerId=148036&CustomerStatus=Existing&EventDate=2025-06-19T23%3A34%3A44.000Z&IntegrationSource=Impact_BigCommerce_Plugin&OrderId=2206619&OrderPromoCode=VACAY&ItemSku1=GUM-BLR-020-2500&ItemQuantity1=1&ItemCategory1=Koi%20Dragon%20Blend%20Gummies&ItemSubtotal1=79.99&ItemSku2=TIN-STR-030-0500&ItemQuantity2=1&ItemCategory2=Koi%20Naturals%20CBD%20Oil%20Tincture&ItemSubtotal2=44.99&ItemSku3=GUM-BLR-020-2500&ItemQuantity3=1&ItemCategory3=Koi%20Dragon%20Blend%20Gummies&ItemSubtotal3=0&ItemSku4=TIN-STR-030-0500&ItemQuantity4=1&ItemCategory4=Koi%20Naturals%20CBD%20Oil%20Tincture&ItemSubtotal4=0
2025-06-19 23:35:12,A-0aae4c3b-4bcc-42c0-9549-a8d7be91abcd,"[{""type"":""Contract Error"",""msg"":""CLICK_AFTER_CONVERSION_EVENT""}]",ActionTrackerId=57804&CampaignId=36368&ClickId=%7Ef-94%7E8bhnfcghkrhklbi-23XMRJKGzDsqjb%7E-12XUOFBqmjc4ZWM&CurrencyCode=USD&CustomerEmail=20bd2ab37dc5b625ad03387c00119b027e57249d&CustomerId=180957&CustomerStatus=Existing&EventDate=2025-06-19T14%3A45%3A42.000Z&IntegrationSource=Impact_BigCommerce_Plugin&IpAddress=141.153.160.40&OrderId=2206305&OrderPromoCode=RZ5YM5YC&ItemSku1=GUM-BLK-020-2500&ItemQuantity1=2&ItemCategory1=Koi%20Dragon%20Blend%20Gummies&ItemSubtotal1=69.98
2025-06-19 23:34:11,A-64b8452f-3230-45fa-a267-8acb84e6dad2,"[{""type"":""Contract Error"",""msg"":""CLICK_AFTER_CONVERSION_EVENT""}]",ActionTrackerId=57804&CampaignId=36368&ClickId=%7E0WUSXPU1UQULMKRWUVKRIzAvukefdgj-%7E1USUJKDyrokjeb6WQNE&CurrencyCode=USD&CustomerEmail=edf3dd8c6b01f7c279cd0a6b6f21406bc1c16fdf&CustomerId=32254&CustomerStatus=Existing&EventDate=2025-06-19T23%3A32%3A18.000Z&IntegrationSource=Impact_BigCommerce_Plugin&IpAddress=38.248.93.3&OrderId=2206617&OrderPromoCode=vacay&ItemSku1=GUM-BOR-020-2500&ItemQuantity1=1&ItemCategory1=Koi%20Dragon%20Blend%20Gummies&ItemSubtotal1=77.59&ItemSku2=FLW-BLG-006-THCA&ItemQuantity2=1&ItemCategory2=THCA%20Mini%20Pre-Rolls%20-%20Kief-Infused&ItemSubtotal2=49.99&ItemSku3=FLW-BLG-006-THCA&ItemQuantity3=1&ItemCategory3=THCA%20Mini%20Pre-Rolls%20-%20Kief-Infused&ItemSubtotal3=0&ItemSku4=GUM-BOR-020-2500&ItemQuantity4=1&ItemCategory4=Koi%20Dragon%20Blend%20Gummies&ItemSubtotal4=0
2025-06-19 23:33:12,A-eabb3652-93e6-4f74-96bd-0fb3949d7f43,"[{""type"":""Contract Error"",""msg"":""CLICK_AFTER_CONVERSION_EVENT""}]",ActionTrackerId=57804&CampaignId=36368&ClickId=%7E8-14Z642V2734-gfhi%7Ef8Z0VQWPQVSNJPOUWXMNMJICxwqng830Q&CurrencyCode=USD&CustomerEmail=f5e8c81f4d7660f33bf09e75ae01a5daba48d41a&CustomerId=28961&CustomerStatus=Existing&EventDate=2025-06-19T23%3A32%3A26.000Z&IntegrationSource=Impact_BigCommerce_Plugin&IpAddress=38.48.36.236&OrderId=2206618&OrderPromoCode=M5USSH9X&ItemSku1=GUM-STR-060-1500D8&ItemQuantity1=1&ItemCategory1=Koi%20Delta%208%20THC%20Gummies&ItemSubtotal1=45.49
2025-06-19 23:30:10,A-459d286c-7ab5-48b2-939a-502576df97af,"[{""type"":""Contract Error"",""msg"":""CLICK_AFTER_CONVERSION_EVENT""}]",ActionTrackerId=57804&CampaignId=36368&ClickId=%7E03X1QYPVYWMIJBFCFGwDuklgchbcbg9ca5XOPFGysi-30VRKAvri&CurrencyCode=USD&CustomerEmail=761a79d755f6af2bc10e6427159e82e16b615ae1&CustomerId=25393&CustomerStatus=Existing&EventDate=2025-06-19T23%3A28%3A33.000Z&IntegrationSource=Impact_BigCommerce_Plugin&OrderId=2206616&OrderPromoCode=Vacay&ItemSku1=VAP-BJB-BAR-2000&ItemQuantity1=1&ItemCategory1=THCA%20Liquid%20Diamond%20Vapes&ItemSubtotal1=39.99&ItemSku2=VAP-BHM-BAR-2000&ItemQuantity2=1&ItemCategory2=THCA%20Liquid%20Diamond%20Vapes&ItemSubtotal2=39.99&ItemSku3=VAP-BHM-BAR-2000&ItemQuantity3=1&ItemCategory3=THCA%20Liquid%20Diamond%20Vapes&ItemSubtotal3=0&ItemSku4=VAP-BJB-BAR-2000&ItemQuantity4=1&ItemCategory4=THCA%20Liquid%20Diamond%20Vapes&ItemSubtotal4=0
2025-06-19 23:28:11,A-bf7fbd64-7ac7-41f2-a8f3-859fd0ba25cd,"[{""type"":""Contract Error"",""msg"":""CLICK_AFTER_CONVERSION_EVENT""}]",ActionTrackerId=57804&CampaignId=36368&ClickId=%7Eb%7Eadkoimljqijhgjhi%7Ef8Z0ZUZSUY4-84VXMNDECwng950XPFAxn&CurrencyCode=USD&CustomerEmail=b13f3517d709659d622c0d31da96f7d2ee298e69&CustomerId=187284&CustomerStatus=New&EventDate=2025-06-19T22%3A01%3A58.000Z&IntegrationSource=Impact_BigCommerce_Plugin&OrderId=2206570&OrderPromoCode=vacay&ItemSku1=ROG-MEN-089-1500&ItemQuantity1=1&ItemCategory1=Koi%20CBD%20Roll-On%20Gel&ItemSubtotal1=79.99&ItemSku2=ROG-MEN-089-1500&ItemQuantity2=1&ItemCategory2=Koi%20CBD%20Roll-On%20Gel&ItemSubtotal2=0
2025-06-19 23:28:10,A-22179968-2623-4ca4-a6d0-72cde3e7bc2c,"[{""type"":""Contract Error"",""msg"":""CLICK_AFTER_CONVERSION_EVENT""}]",ActionTrackerId=57804&CampaignId=36368&ClickId=%7E79d%7Ed57bec9-afkmklbi-23XSYRSWOQLFKEJKABAsja-61YQGByo&CurrencyCode=USD&CustomerEmail=0f8474a7d8add43f9f52a2cc285d71cede2ceead&CustomerStatus=New&EventDate=2025-06-19T23%3A26%3A25.000Z&IntegrationSource=Impact_BigCommerce_Plugin&IpAddress=47.196.67.214&OrderId=2206615&OrderPromoCode=Vacay&ItemSku1=GUM-BLR-020-2500&ItemQuantity1=1&ItemCategory1=Koi%20Dragon%20Blend%20Gummies&ItemSubtotal1=79.99&ItemSku2=GUM-BLR-020-2500&ItemQuantity2=1&ItemCategory2=Koi%20Dragon%20Blend%20Gummies&ItemSubtotal2=0
2025-06-19 23:24:11,A-c2c4a826-125a-4284-aa6d-939f4fdb260a,"[{""type"":""Contract Error"",""msg"":""CLICK_AFTER_CONVERSION_EVENT""}]",ActionTrackerId=57804&CampaignId=36368&ClickId=%7Eb8-2V0YW021WXSMEDEuBrijgbgabg-d580656WXWRLEDwqng830Q&CurrencyCode=USD&CustomerEmail=9a39334105ebdf487be553237ccd6df42d18ab45&CustomerStatus=New&EventDate=2025-06-19T21%3A51%3A49.000Z&IntegrationSource=Impact_BigCommerce_Plugin&OrderId=2206559&OrderPromoCode=VACAY&ItemSku1=GUM-NCL-060-0600&ItemQuantity1=1&ItemCategory1=Koi%20CBD%20Gummies%20%7C%20Nighttime%20Rest&ItemSubtotal1=59.99&ItemSku2=GUM-NCL-060-0600&ItemQuantity2=1&ItemCategory2=Koi%20CBD%20Gummies%20%7C%20Nighttime%20Rest&ItemSubtotal2=0
2025-06-19 23:22:11,A-73aa0ced-512e-45c6-8379-0feb29d5bd21,"[{""type"":""Contract Error"",""msg"":""CLICK_AFTER_CONVERSION_EVENT""}]",ActionTrackerId=57804&CampaignId=36368&ClickId=%7E8-14Z642V2734-gfhi%7Ef8Z0UPVOPOFICrmg9%7E01UMECypkha2XUK&CurrencyCode=USD&CustomerEmail=f5e8c81f4d7660f33bf09e75ae01a5daba48d41a&CustomerId=28961&CustomerStatus=Existing&EventDate=2025-06-19T23%3A21%3A00.000Z&IntegrationSource=Impact_BigCommerce_Plugin&IpAddress=38.48.36.236&OrderId=2206612&OrderPromoCode=Vacay&ItemSku1=GUM-NCL-060-0600&ItemQuantity1=1&ItemCategory1=Koi%20CBD%20Gummies%20%7C%20Nighttime%20Rest&ItemSubtotal1=59.99&ItemSku2=GUM-NCL-060-0600&ItemQuantity2=1&ItemCategory2=Koi%20CBD%20Gummies%20%7C%20Nighttime%20Rest&ItemSubtotal2=0
2025-06-19 23:22:10,A-6fdec221-1e1f-404e-a052-8432eb558b55,"[{""type"":""Contract Error"",""msg"":""CLICK_AFTER_CONVERSION_EVENT""}]",ActionTrackerId=57804&CampaignId=36368&ClickId=%7E3XNSQULSWONPQOIGJKAHyopiejde87YVPRV23SUQOLHzqlib3YVL&CurrencyCode=USD&CustomerEmail=a22dee52a4ad2dfa804b54951f5db9bae625a54b&CustomerId=8907&CustomerStatus=Existing&EventDate=2025-06-19T23%3A19%3A43.000Z&IntegrationSource=Impact_BigCommerce_Plugin&OrderId=2206611&OrderPromoCode=dis-d59ed04cd&ItemSku1=FLW-GAS-003-THCA-2PK&ItemQuantity1=2&ItemCategory1=Gasanova%20Strain%20%28Indica%29&ItemSubtotal1=83.98&ItemSku2=NCOMP-SAMP&ItemQuantity2=1&ItemCategory2=Welcome%20Pack&ItemSubtotal2=0
2025-06-19 23:20:12,A-0fe078d4-7dee-453c-84a6-a014673c2ce4,"[{""type"":""Contract Error"",""msg"":""CLICK_AFTER_CONVERSION_EVENT""}]",ActionTrackerId=57804&CampaignId=36368&ClickId=%7E03X1QYPVYWMIJBFCFGwDukleaf-a28Y3W159%7E01ZWMKEvpmf72ZP&CurrencyCode=USD&CustomerEmail=387415f1d5bcda0c4f8ac77163c1ae5ae44a38ad&CustomerStatus=New&EventDate=2025-06-19T23%3A19%3A02.000Z&IntegrationSource=Impact_BigCommerce_Plugin&OrderId=2206610&ItemSku1=VAP-SBI-BAR-0300&ItemQuantity1=1&ItemCategory1=Koi%20Balance%20Bar%20CBD%20Vape&ItemSubtotal1=35.99
2025-06-19 23:18:11,A-7e5c7195-17f1-4e12-85b9-61cbe31290a1,"[{""type"":""Contract Error"",""msg"":""CLICK_AFTER_CONVERSION_EVENT""}]",ActionTrackerId=57804&CampaignId=36368&ClickId=%7E9c-fia93SNSNOFwvuvkri-a8c823WVNINJHLMCDsnha3SNKDsnkb&CurrencyCode=USD&CustomerEmail=f5ba6d848eda20e0f6b198f2445853befeb61ab8&CustomerId=186845&CustomerStatus=Existing&EventDate=2025-06-19T23%3A14%3A28.000Z&IntegrationSource=Impact_BigCommerce_Plugin&OrderId=2206609&OrderPromoCode=489797DCE&ItemSku1=ROG-MEN-089-0500&ItemQuantity1=3&ItemCategory1=Koi%20CBD%20Roll-On%20Gel&ItemSubtotal1=71.98&ItemSku2=BAL-NAT-014-0150&ItemQuantity2=5&ItemCategory2=Koi%20Naturals%20CBD%20Balm&ItemSubtotal2=59.97&ItemSku3=BAL-NAT-045-0500&ItemQuantity3=3&ItemCategory3=Koi%20Naturals%20CBD%20Balm&ItemSubtotal3=71.98
2025-06-19 23:15:10,A-f849e0d7-ffe7-4748-b63a-8f61de82d9d6,"[{""type"":""Contract Error"",""msg"":""CLICK_AFTER_CONVERSION_EVENT""}]",ActionTrackerId=57804&CampaignId=36368&ClickId=%7Ed%7E927ZRHyEBrsvBFDELRIzAwBwpqskc87-9Z0PQOJHAzwpmf72ZP&CurrencyCode=USD&CustomerEmail=9d2db185337457b3df82d195ea3d109d064f8137&CustomerId=12641&CustomerStatus=Existing&EventDate=2025-06-19T23%3A10%3A25.000Z&IntegrationSource=Impact_BigCommerce_Plugin&OrderId=2206605&ItemSku1=GUM-STR-020-0500D9&ItemQuantity1=1&ItemCategory1=Extra%20Strength%20Delta%209%20THC%20Gummies&ItemSubtotal1=59.19
2025-06-19 23:14:10,A-701b137f-e7e9-439e-8fd0-d057143c2415,"[{""type"":""Contract Error"",""msg"":""CLICK_AFTER_CONVERSION_EVENT""}]",ActionTrackerId=57804&CampaignId=36368&ClickId=%7E8%7Eb875-43YVNOKGILMCJAqrjfkef85%7E4YNELMCDxqka%7E71YQGByo&CurrencyCode=USD&CustomerEmail=2aa6b6e6cd78b2920e8007c881695fd66cdd6f98&CustomerId=56309&CustomerStatus=Existing&EventDate=2025-06-19T23%3A12%3A53.000Z&IntegrationSource=Impact_BigCommerce_Plugin&IpAddress=136.51.12.115&OrderId=2206608&ItemSku1=GUM-VAR-010-1250&ItemQuantity1=1&ItemCategory1=Koi%20Dragon%20Blend%20Gummies&ItemSubtotal1=46.29
2025-06-19 23:12:13,A-ec237a36-0959-49dc-af39-4583d92162e6,"[{""type"":""Contract Error"",""msg"":""CLICK_AFTER_CONVERSION_EVENT""}]",ActionTrackerId=57804&CampaignId=36368&ClickId=%7E9a851ZVUKBGBCFKQOPFMDuvminhilspriglopfgc4UMLHByqgb%7E1&CurrencyCode=USD&CustomerEmail=bc46e2b101863dd90dc585dc9c355461896dfbcf&CustomerStatus=New&EventDate=2025-06-19T23%3A11%3A27.000Z&IntegrationSource=Impact_BigCommerce_Plugin&IpAddress=75.110.56.36&OrderId=2206607&OrderPromoCode=F13O58CUR&ItemSku1=DB-BUNDLE6&ItemQuantity1=1&ItemCategory1=60%20Dragon%20Blend%20Gummies%20-%203%20Blue%20Razz&ItemSubtotal1=143.98&ItemSku2=NCOMP-SAMP-1&ItemQuantity2=1&ItemCategory2=KoiCBD%20Welcome%20Pack&ItemSubtotal2=19.99
2025-06-19 23:06:12,A-a896cf6b-997a-4ea4-a516-086e36406831,"[{""type"":""Contract Error"",""msg"":""CLICK_AFTER_CONVERSION_EVENT""}]",ActionTrackerId=57804&CampaignId=36368&ClickId=%7E87b62Z5VMPVLMHzDFGwDuklc%7Ed9%7E3XUXONPVWLMCvnf81VRKAvri&CurrencyCode=USD&CustomerEmail=b9430bd7911814a5889b98abba6bf3ffbb71778a&CustomerId=131733&CustomerStatus=Existing&EventDate=2025-06-19T23%3A05%3A04.000Z&IntegrationSource=Impact_BigCommerce_Plugin&IpAddress=98.96.15.193&OrderId=2206603&OrderPromoCode=vacay&ItemSku1=GUM-BLR-020-2500&ItemQuantity1=1&ItemCategory1=Koi%20Dragon%20Blend%20Gummies&ItemSubtotal1=79.99&ItemSku2=GUM-BLR-020-2500&ItemQuantity2=1&ItemCategory2=Koi%20Dragon%20Blend%20Gummies&ItemSubtotal2=0
2025-06-19 23:04:12,A-42cdc01f-dd91-4fb4-84e0-6c40be83dab7,"[{""type"":""Contract Error"",""msg"":""CLICK_AFTER_CONVERSION_EVENT""}]",ActionTrackerId=57804&CampaignId=36368&ClickId=%7E8%7Eb875-43YVNOKGILMCJAqriejdejegbglcef780SQNEwpmf72ZP&CurrencyCode=USD&CustomerEmail=4eed8938386bb6e004a8c5810c66d674162776f4&CustomerStatus=New&EventDate=2025-06-19T23%3A03%3A27.000Z&IntegrationSource=Impact_BigCommerce_Plugin&IpAddress=68.229.246.50&OrderId=2206602&ItemSku1=GUM-WTM-020-0500D8&ItemQuantity1=1&ItemCategory1=Koi%20Delta%208%20THC%20Gummies&ItemSubtotal1=39.99&ItemSku2=GUM-NCL-020-0200&ItemQuantity2=1&ItemCategory2=Koi%20CBD%20Gummies%20%7C%20Nighttime%20Rest&ItemSubtotal2=24.99
2025-06-19 23:04:11,A-da7ee7fe-e40a-4e84-ae81-ebdf169e2730,"[{""type"":""Contract Error"",""msg"":""CLICK_AFTER_CONVERSION_EVENT""}]",ActionTrackerId=57804&CampaignId=36368&ClickId=%7E65Z13X1W021XY31545V2SJKBxCwxqmd-3ZPNOEFysnfb4YVNDyvl&CurrencyCode=USD&CustomerEmail=ce94182b683adaa668771c3e32e756a74c0685b7&CustomerStatus=New&EventDate=2025-06-19T23%3A01%3A09.000Z&IntegrationSource=Impact_BigCommerce_Plugin&OrderId=2206600&OrderPromoCode=Vacay&ItemSku1=GUM-BLR-020-2500&ItemQuantity1=1&ItemCategory1=Koi%20Dragon%20Blend%20Gummies&ItemSubtotal1=79.19&ItemSku2=GUM-BLR-020-2500&ItemQuantity2=1&ItemCategory2=Koi%20Dragon%20Blend%20Gummies&ItemSubtotal2=0
2025-06-19 22:57:11,A-5462c2a0-ec69-4fa1-ab5c-629afcd8aaf0,"[{""type"":""Contract Error"",""msg"":""CLICK_AFTER_CONVERSION_EVENT""}]",ActionTrackerId=57804&CampaignId=36368&ClickId=%7E9c-fia93SNSNOFwvuvkri-a2Y3XY2SOLRQJIJzAwrohda52VKFCs&CurrencyCode=USD&CustomerEmail=a2aafb1be673b712ac9ffd4ee57ddfede4317f5a&CustomerStatus=New&EventDate=2025-06-19T22%3A55%3A58.000Z&IntegrationSource=Impact_BigCommerce_Plugin&OrderId=2206599&ItemSku1=GUM-BLK-020-2500&ItemQuantity1=1&ItemCategory1=Koi%20Dragon%20Blend%20Gummies&ItemSubtotal1=79.19&ItemSku2=GUM-BOR-020-2500&ItemQuantity2=1&ItemCategory2=Koi%20Dragon%20Blend%20Gummies&ItemSubtotal2=79.19
2025-06-19 22:56:10,A-9df63d2d-610b-4868-9f57-ff17a5f114d8,"[{""type"":""Contract Error"",""msg"":""CLICK_AFTER_CONVERSION_EVENT""}]",ActionTrackerId=57804&CampaignId=36368&ClickId=%7Ed5V0RQLOSPGLMPFDBCrzpgh95%7E457YWOFMEABqri-1URNGDwlgd6&CurrencyCode=USD&CustomerEmail=5661e8f432784fdc088458223f1cbac81f3fe288&CustomerStatus=New&EventDate=2025-06-19T22%3A54%3A19.000Z&IntegrationSource=Impact_BigCommerce_Plugin&IpAddress=216.67.164.166&OrderId=2206598&OrderPromoCode=F13O58CUR&ItemSku1=DB-BUNDLE6&ItemQuantity1=1&ItemCategory1=60%20Dragon%20Blend%20Gummies%20-%203%20Blue%20Razz&ItemSubtotal1=143.98
2025-06-19 22:55:12,A-367ea29c-d255-4ed4-a987-356f80cc990a,"[{""type"":""Contract Error"",""msg"":""CLICK_AFTER_CONVERSION_EVENT""}]",ActionTrackerId=57804&CampaignId=36368&ClickId=%7E39c%7E58-359a5693WUVKRIzAHLSLMDuyouwunoef-%7E3YSOHExmhe7&CurrencyCode=USD&CustomerEmail=77ba7e5587e287cc6f537cbd7224eaba45a70230&CustomerId=187282&CustomerStatus=New&EventDate=2025-06-19T21%3A08%3A38.000Z&IntegrationSource=Impact_BigCommerce_Plugin&OrderId=2206542&OrderPromoCode=W1V908L8018D6&ItemSku1=GUM-BLR-020-2500-1&ItemQuantity1=1&ItemCategory1=Koi%20Dragon%20Blend%20Gummies%20-%2020%20count&ItemSubtotal1=63.99
2025-06-19 22:51:10,A-e6011725-7779-4356-ac53-c77647e871bd,"[{""type"":""Contract Error"",""msg"":""CLICK_AFTER_CONVERSION_EVENT""}]",ActionTrackerId=57804&CampaignId=36368&ClickId=%7E60QW3WNMHKHKLNEyBCrzpghojoijme8069-cd563URQPIByqgb%7E1&CurrencyCode=USD&CustomerEmail=d393a9a6a174c47ffb0820e380b30c179d46e26a&CustomerId=132668&CustomerStatus=Existing&EventDate=2025-06-19T22%3A49%3A53.000Z&IntegrationSource=Impact_BigCommerce_Plugin&OrderId=2206597&OrderPromoCode=VACAY&ItemSku1=GUM-NCL-060-0600&ItemQuantity1=1&ItemCategory1=Koi%20CBD%20Gummies%20%7C%20Nighttime%20Rest&ItemSubtotal1=59.99&ItemSku2=GUM-NCL-060-0600&ItemQuantity2=1&ItemCategory2=Koi%20CBD%20Gummies%20%7C%20Nighttime%20Rest&ItemSubtotal2=0
2025-06-19 22:47:11,A-6883584b-3a18-4007-a299-2db52ef162ee,"[{""type"":""Contract Error"",""msg"":""CLICK_AFTER_CONVERSION_EVENT""}]",ActionTrackerId=57804&CampaignId=36368&ClickId=%7EadiomhnjpxEJKJDFEFvCsjkb41UVLSVY2ZVZ0PQHxwlf81YQGByo&CurrencyCode=USD&CustomerEmail=4551072cdb1092c0f9f31f399302b10291d3f102&CustomerId=168960&CustomerStatus=Existing&EventDate=2025-06-19T22%3A42%3A06.000Z&IntegrationSource=Impact_BigCommerce_Plugin&OrderId=2206594&OrderPromoCode=JTP7MAL5&ItemSku1=GUM-GRP-020-0500D8&ItemQuantity1=1&ItemCategory1=Koi%20Delta%208%20THC%20Gummies&ItemSubtotal1=0
2025-06-19 22:42:10,A-df4d250d-805d-4968-8208-c10351f51139,"[{""type"":""Contract Error"",""msg"":""CLICK_AFTER_CONVERSION_EVENT""}]",ActionTrackerId=57804&CampaignId=36368&ClickId=%7Eea2RWRMFMLOHIGEGJKAHyopwqwpquyEyslqmndeca4UNLDAsida3&CurrencyCode=USD&CustomerEmail=a8eb951bac93ded3e91e9576e2f623a863cf494f&CustomerId=183897&CustomerStatus=Existing&EventDate=2025-06-19T22%3A40%3A33.000Z&IntegrationSource=Impact_BigCommerce_Plugin&IpAddress=98.253.92.119&OrderId=2206592&OrderPromoCode=WVSGAGBW&ItemSku1=GUM-WTM-040-1000D9&ItemQuantity1=1&ItemCategory1=Extra%20Strength%20Delta%209%20THC%20Gummies&ItemSubtotal1=55.99
2025-06-19 22:41:10,A-8d551edb-7ed5-447b-ad17-b24a7e132229,"[{""type"":""Contract Error"",""msg"":""CLICK_AFTER_CONVERSION_EVENT""}]",ActionTrackerId=57804&CampaignId=36368&ClickId=%7E0YSYNDsAuqh9%7E07cfgnukbc5WS016b%7E69ekij-a64WLIFxumc96X&CurrencyCode=USD&CustomerEmail=71187f18fe986b09ec8e006bdde4ad9d890d606b&CustomerId=116503&CustomerStatus=Existing&EventDate=2025-06-19T22%3A39%3A03.000Z&IntegrationSource=Impact_BigCommerce_Plugin&IpAddress=35.24.239.31&OrderId=2206591&OrderPromoCode=VACAY&ItemSku1=TIN-SPR-030-1000&ItemQuantity1=2&ItemCategory1=Koi%20Naturals%20CBD%20Oil%20Tincture&ItemSubtotal1=139.98&ItemSku2=TIN-SPR-030-1000&ItemQuantity2=2&ItemCategory2=Koi%20Naturals%20CBD%20Oil%20Tincture&ItemSubtotal2=0
2025-06-19 22:39:10,A-b63f2a4c-d457-4a3c-a180-8ac0d8c3e153,"[{""type"":""Contract Error"",""msg"":""CLICK_AFTER_CONVERSION_EVENT""}]",ActionTrackerId=57804&CampaignId=36368&ClickId=%7E0PMGICAywCzsusxECDsAqhicaf%7E-5XUWMJBDEuvqpjh-7ZWOEzwm&CurrencyCode=USD&CustomerEmail=55fd719bbd2667f04555c1225e29e1a8813f0ab3&CustomerStatus=New&EventDate=2025-06-19T22%3A37%3A01.000Z&IntegrationSource=Impact_BigCommerce_Plugin&IpAddress=74.73.152.171&OrderId=2206590&OrderPromoCode=E0A2DB9FC&ItemSku1=VAP-CGL-BAR-5000V2&ItemQuantity1=1&ItemCategory1=Koi%20THCA%20%2B%20THCP%20%2B%20Delta%209%20THC%205g%20Disposable%20Vapes&ItemSubtotal1=41.99&ItemSku2=VAP-SLR-BAR-5000V2&ItemQuantity2=1&ItemCategory2=Koi%20THCA%20%2B%20THCP%20%2B%20Delta%209%20THC%205g%20Disposable%20Vapes&ItemSubtotal2=41.99
2025-06-19 22:38:12,A-d2f5eb57-3bec-455f-aa81-6bc3811b4ecc,"[{""type"":""Contract Error"",""msg"":""CLICK_AFTER_CONVERSION_EVENT""}]",ActionTrackerId=57804&CampaignId=36368&ClickId=%7E5053WNPMGFIFGFyFIJzGxnouounorhlhfkiopfgd7ZXNJByqgb%7E1&CurrencyCode=USD&CustomerEmail=219f624e3a6cb719979889a874c5b4b37c461666&CustomerStatus=New&EventDate=2025-06-19T22%3A36%3A52.000Z&IntegrationSource=Impact_BigCommerce_Plugin&OrderId=2206589&OrderPromoCode=Vacay&ItemSku1=GUM-BLK-020-2500&ItemQuantity1=1&ItemCategory1=Koi%20Dragon%20Blend%20Gummies&ItemSubtotal1=79.19&ItemSku2=GUM-BLK-020-2500&ItemQuantity2=1&ItemCategory2=Koi%20Dragon%20Blend%20Gummies&ItemSubtotal2=0
2025-06-19 22:32:12,A-cb4ca9a3-0269-4a35-a718-888bf9337fcc,"[{""type"":""Contract Error"",""msg"":""CLICK_AFTER_CONVERSION_EVENT""}]",ActionTrackerId=57804&CampaignId=36368&ClickId=%7E16ZY1XQW0Y50148bab3%7E1RSYSYRSV2Z6407XYNOGEDwqia92RMJA&CurrencyCode=USD&CustomerEmail=c0600f2c7929f903ed53f72ed5397a53fcdd90d3&CustomerStatus=New&EventDate=2025-06-19T22%3A30%3A47.000Z&IntegrationSource=Impact_BigCommerce_Plugin&OrderId=2206588&OrderPromoCode=vacay&ItemSku1=GUM-NCL-060-0600&ItemQuantity1=1&ItemCategory1=Koi%20CBD%20Gummies%20%7C%20Nighttime%20Rest&ItemSubtotal1=59.99&ItemSku2=GUM-NCL-060-0600&ItemQuantity2=1&ItemCategory2=Koi%20CBD%20Gummies%20%7C%20Nighttime%20Rest&ItemSubtotal2=0
2025-06-19 22:29:10,A-cf89f300-1bfe-4b1d-a3b7-7c3f14467107,"[{""type"":""Contract Error"",""msg"":""CLICK_AFTER_CONVERSION_EVENT""}]",ActionTrackerId=57804&CampaignId=36368&ClickId=%7E8%7Eb875-43YVNOKGILMCJAqrxCFzAEArlc5YQRHIzysje6YVNDyvl&CurrencyCode=USD&CustomerEmail=bfb8e89c4e6903872e45259bc1760eb7f0877841&CustomerId=168549&CustomerStatus=Existing&EventDate=2025-06-19T22%3A27%3A26.000Z&IntegrationSource=Impact_BigCommerce_Plugin&IpAddress=136.50.147.174&OrderId=2206586&OrderPromoCode=Vacay&ItemSku1=GUM-NCL-060-0600&ItemQuantity1=1&ItemCategory1=Koi%20CBD%20Gummies%20%7C%20Nighttime%20Rest&ItemSubtotal1=59.99&ItemSku2=VAP-BJB-BAR-2000&ItemQuantity2=1&ItemCategory2=THCA%20Liquid%20Diamond%20Vapes&ItemSubtotal2=39.99&ItemSku3=VAP-BJB-BAR-2000&ItemQuantity3=1&ItemCategory3=THCA%20Liquid%20Diamond%20Vapes&ItemSubtotal3=0&ItemSku4=GUM-NCL-060-0600&ItemQuantity4=1&ItemCategory4=Koi%20CBD%20Gummies%20%7C%20Nighttime%20Rest&ItemSubtotal4=0
2025-06-19 22:24:14,A-bfe6599a-892e-4b4f-aae3-93e5e44c0513,"[{""type"":""Contract Error"",""msg"":""CLICK_AFTER_CONVERSION_EVENT""}]",ActionTrackerId=57804&CampaignId=36368&ClickId=%7Ed%7E71ZOQHyuyxynqpnomc823SXVQRKEHCGAGJKABsj-30XNKDsnkb&CurrencyCode=USD&CustomerEmail=869f75c624c66c38c2d94c49bbea95c7252fcc41&CustomerStatus=New&EventDate=2025-06-19T22%3A22%3A36.000Z&IntegrationSource=Impact_BigCommerce_Plugin&IpAddress=108.147.197.62&OrderId=2206584&OrderPromoCode=VACAY&ItemSku1=GUM-BLR-020-2500&ItemQuantity1=1&ItemCategory1=Koi%20Dragon%20Blend%20Gummies&ItemSubtotal1=79.19&ItemSku2=GUM-BLR-020-2500&ItemQuantity2=1&ItemCategory2=Koi%20Dragon%20Blend%20Gummies&ItemSubtotal2=0
2025-06-19 22:21:12,A-482b224e-0019-4d67-a1e7-bd9e757f1935,"[{""type"":""Contract Error"",""msg"":""CLICK_AFTER_CONVERSION_EVENT""}]",ActionTrackerId=57804&CampaignId=36368&ClickId=%7E6b8YPMIzrha9%7Efkgij-g9018ZQKLJzofd6989Z0QHBzqmda5VPMD&CurrencyCode=USD&CustomerEmail=4450ce8f80e3fb6ecbf2aa936dd7c93f4f609a25&CustomerStatus=New&EventDate=2025-06-19T22%3A20%3A22.000Z&IntegrationSource=Impact_BigCommerce_Plugin&OrderId=2206583&OrderPromoCode=BF5D0053KC&ItemSku1=GUM-BLR-020-2500-1&ItemQuantity1=1&ItemCategory1=Koi%20Dragon%20Blend%20Gummies%20-%2020%20count&ItemSubtotal1=55.99&ItemSku2=GUM-BLR-020-2500-1&ItemQuantity2=1&ItemCategory2=Koi%20Dragon%20Blend%20Gummies%20-%2020%20count&ItemSubtotal2=56
2025-06-19 22:19:12,A-ce431389-65bd-499b-95b5-454399879846,"[{""type"":""Contract Error"",""msg"":""CLICK_AFTER_CONVERSION_EVENT""}]",ActionTrackerId=57804&CampaignId=36368&ClickId=%7E46Z6WPIHyrifg8cgefmsjab5-4-a%7Ed%7E3154WXMNIBuljd63WLGDu&CurrencyCode=USD&CustomerEmail=3c240f30773b987486abbc6ff5fe70ad1e8488d3&CustomerId=61283&CustomerStatus=Existing&EventDate=2025-06-19T22%3A17%3A53.000Z&IntegrationSource=Impact_BigCommerce_Plugin&IpAddress=172.58.0.146&OrderId=2206582&OrderPromoCode=VACAY&ItemSku1=GUM-NCL-020-0200&ItemQuantity1=1&ItemCategory1=Koi%20CBD%20Gummies%20%7C%20Nighttime%20Rest&ItemSubtotal1=24.99&ItemSku2=GUM-NCL-020-0200&ItemQuantity2=1&ItemCategory2=Koi%20CBD%20Gummies%20%7C%20Nighttime%20Rest&ItemSubtotal2=0
2025-06-19 22:17:10,A-9b723611-5780-4c02-b048-d4930b287b8a,"[{""type"":""Contract Error"",""msg"":""CLICK_AFTER_CONVERSION_EVENT""}]",ActionTrackerId=57804&CampaignId=36368&ClickId=%7E2YOKPHLNPRMLMLDzBCrzpghjejde97ZORNDJKABsrmi-4VRKAvri&CurrencyCode=USD&CustomerEmail=56b88c1833ec5b270b1b59df1622bdfae2e40b39&CustomerId=61308&CustomerStatus=Existing&EventDate=2025-06-19T22%3A15%3A07.000Z&IntegrationSource=Impact_BigCommerce_Plugin&OrderId=2206580&OrderPromoCode=VACAY&ItemSku1=GUM-BLK-020-2500&ItemQuantity1=1&ItemCategory1=Koi%20Dragon%20Blend%20Gummies&ItemSubtotal1=79.99&ItemSku2=GUM-BRP-010-0500K-3PK&ItemQuantity2=1&ItemCategory2=Kratom%20Gummies&ItemSubtotal2=109.97&ItemSku3=GUM-ORC-030-0750&ItemQuantity3=2&ItemCategory3=Koi%20Complete%20Nighttime%20Rest%20%7C%20THC%20%2B%20CBN%20%2B%20CBD%20Gummies&ItemSubtotal3=79.98&ItemSku4=GUM-BLK-020-2500&ItemQuantity4=1&ItemCategory4=Koi%20Dragon%20Blend%20Gummies&ItemSubtotal4=0
2025-06-19 22:15:11,A-ed76d1c7-95a2-4f8a-a46a-2c0913955aa3,"[{""type"":""Contract Error"",""msg"":""CLICK_AFTER_CONVERSION_EVENT""}]",ActionTrackerId=57804&CampaignId=36368&ClickId=%7E39c%7E58-359a5693WUVKRIzAHLSLMDuyouwunoef75XPJBroh941R&CurrencyCode=USD&CustomerEmail=77ba7e5587e287cc6f537cbd7224eaba45a70230&CustomerId=187282&CustomerStatus=New&EventDate=2025-06-19T21%3A08%3A38.000Z&IntegrationSource=Impact_BigCommerce_Plugin&OrderId=2206542&OrderPromoCode=W1V908L8018D6&ItemSku1=GUM-BLR-020-2500-1&ItemQuantity1=1&ItemCategory1=Koi%20Dragon%20Blend%20Gummies%20-%2020%20count&ItemSubtotal1=63.99
2025-06-19 22:13:12,A-a07ea2b0-5587-4f58-8a7d-e7c8bd5a59fe,"[{""type"":""Contract Error"",""msg"":""CLICK_AFTER_CONVERSION_EVENT""}]",ActionTrackerId=57804&CampaignId=36368&ClickId=%7Eb%7Eadkoimljqijhgjhi%7Ef8Z02X2WXMILGwnkhi%7E-3VKJCsjg-1WSJ&CurrencyCode=USD&CustomerEmail=e1d1bb24bd171b3268830c54db0b3d5effac96b7&CustomerStatus=New&EventDate=2025-06-19T22%3A12%3A12.000Z&IntegrationSource=Impact_BigCommerce_Plugin&OrderId=2206579&ItemSku1=TIN-NAT-030-1000&ItemQuantity1=1&ItemCategory1=Koi%20Naturals%20CBD%20Oil%20Tincture&ItemSubtotal1=66.49
2025-06-19 22:11:12,A-764d6fe1-5e6a-41cd-a5c1-59b756b1ea12,"[{""type"":""Contract Error"",""msg"":""CLICK_AFTER_CONVERSION_EVENT""}]",ActionTrackerId=57804&CampaignId=36368&ClickId=%7E3XNSQULSWONPQOIGJKAHyoprmrlmoqg%7Ebed78YZPOEDsi-81QLIz&CurrencyCode=USD&CustomerEmail=df0c809412bc45f340326907b2435f732952d6d3&CustomerStatus=New&EventDate=2025-06-19T22%3A10%3A02.000Z&IntegrationSource=Impact_BigCommerce_Plugin&OrderId=2206577&ItemSku1=GUM-FRP-020-0030CBCG&ItemQuantity1=2&ItemCategory1=Koi%20CBG%20%2B%20CBC%20Gummies&ItemSubtotal1=59.98
2025-06-19 22:09:10,A-1e8a4941-33f5-4e51-923b-d959ac28787d,"[{""type"":""Contract Error"",""msg"":""CLICK_AFTER_CONVERSION_EVENT""}]",ActionTrackerId=57804&CampaignId=36368&ClickId=%7E9a851ZVUKBGBCFKQOPFMDuvuounomcga8agjkab63ZOHFvrka74V&CurrencyCode=USD&CustomerEmail=6c32f152c31fe8591cc473869d624d0102669ca7&CustomerId=182569&CustomerStatus=Existing&EventDate=2025-06-19T22%3A06%3A35.000Z&IntegrationSource=Impact_BigCommerce_Plugin&IpAddress=73.194.240.126&OrderId=2206576&OrderPromoCode=Vacay&ItemSku1=GUM-BLK-020-2500&ItemQuantity1=1&ItemCategory1=Koi%20Dragon%20Blend%20Gummies&ItemSubtotal1=75.99&ItemSku2=GUM-BLK-020-2500&ItemQuantity2=1&ItemCategory2=Koi%20Dragon%20Blend%20Gummies&ItemSubtotal2=0
2025-06-19 22:07:11,A-e8b6555e-1857-45e3-90d3-800e296b3ab7,"[{""type"":""Contract Error"",""msg"":""CLICK_AFTER_CONVERSION_EVENT""}]",ActionTrackerId=57804&CampaignId=36368&ClickId=%7E79bebaeh9c7cdhogfgmsjab820SUQGKQYSLKLBCuqmdb%7E0XPFAxn&CurrencyCode=USD&CustomerEmail=c9e68080ca31e10e2e6f434ff4bcddde70f0806b&CustomerId=164129&CustomerStatus=Existing&EventDate=2025-06-19T22%3A05%3A42.000Z&IntegrationSource=Impact_BigCommerce_Plugin&OrderId=2206575&OrderPromoCode=Vacay&ItemSku1=TIN-STR-030-1000&ItemQuantity1=1&ItemCategory1=Koi%20Naturals%20CBD%20Oil%20Tincture&ItemSubtotal1=68.99&ItemSku2=TIN-STR-030-1000&ItemQuantity2=1&ItemCategory2=Koi%20Naturals%20CBD%20Oil%20Tincture&ItemSubtotal2=0
2025-06-19 22:04:11,A-6b505164-9afa-4269-9ad3-49e301a45833,"[{""type"":""Contract Error"",""msg"":""CLICK_AFTER_CONVERSION_EVENT""}]",ActionTrackerId=57804&CampaignId=36368&ClickId=%7E7%7E2XZ21W2X4Z0ZYVUVKRIzAzuzsuninsmkrjkab4UMLJEuqj-63U&CurrencyCode=USD&CustomerEmail=0cba416580cefe778d1daffa4d20b0385af2e1ea&CustomerStatus=New&EventDate=2025-06-19T22%3A03%3A01.000Z&IntegrationSource=Impact_BigCommerce_Plugin&OrderId=2206573&OrderPromoCode=BF5D0053KC&ItemSku1=NCOMP-SAMP-1&ItemQuantity1=1&ItemCategory1=KoiCBD%20Welcome%20Pack&ItemSubtotal1=19.99&ItemSku2=GUM-BLR-020-2500-1&ItemQuantity2=1&ItemCategory2=Koi%20Dragon%20Blend%20Gummies%20-%2020%20count&ItemSubtotal2=55.99&ItemSku3=GUM-BLR-020-2500-1&ItemQuantity3=1&ItemCategory3=Koi%20Dragon%20Blend%20Gummies%20-%2020%20count&ItemSubtotal3=56
2025-06-19 22:03:13,A-aee7e2be-c7fd-4bf9-9de9-b9236b4939d6,"[{""type"":""Contract Error"",""msg"":""CLICK_AFTER_CONVERSION_EVENT""}]",ActionTrackerId=57804&CampaignId=36368&ClickId=%7Ef-26b-cimpxzAEKGJKAHyopmhkab%7E82XROMHIyzwqnke-1YQGByo&CurrencyCode=USD&CustomerEmail=205010e99356baa6d931da157d5e7fef5391c6e5&CustomerId=167996&CustomerStatus=Existing&EventDate=2025-06-19T22%3A02%3A18.000Z&IntegrationSource=Impact_BigCommerce_Plugin&OrderId=2206571&OrderPromoCode=VACAY&ItemSku1=VAP-PCI-BAR-0300&ItemQuantity1=1&ItemCategory1=Koi%20Balance%20Bar%20CBD%20Vape&ItemSubtotal1=35.99&ItemSku2=VAP-PCI-BAR-0300&ItemQuantity2=1&ItemCategory2=Koi%20Balance%20Bar%20CBD%20Vape&ItemSubtotal2=0
2025-06-19 22:03:11,A-93947046-2c6b-4511-9ad7-186585126eb5,"[{""type"":""Contract Error"",""msg"":""CLICK_AFTER_CONVERSION_EVENT""}]",ActionTrackerId=57804&CampaignId=36368&ClickId=%7Eb%7Eadkoimljqijhgjhi%7Ef8Z0ZUZSUY4-84VXMNDEuqgd72ROHxrof&CurrencyCode=USD&CustomerEmail=b13f3517d709659d622c0d31da96f7d2ee298e69&CustomerStatus=New&EventDate=2025-06-19T22%3A01%3A58.000Z&IntegrationSource=Impact_BigCommerce_Plugin&OrderId=2206570&OrderPromoCode=vacay&ItemSku1=ROG-MEN-089-1500&ItemQuantity1=1&ItemCategory1=Koi%20CBD%20Roll-On%20Gel&ItemSubtotal1=79.99&ItemSku2=ROG-MEN-089-1500&ItemQuantity2=1&ItemCategory2=Koi%20CBD%20Roll-On%20Gel&ItemSubtotal2=0
2025-06-19 22:02:11,A-28c3e5f6-24c7-48f0-9ba8-6b5b19866c7d,"[{""type"":""Contract Error"",""msg"":""CLICK_AFTER_CONVERSION_EVENT""}]",ActionTrackerId=57804&CampaignId=36368&ClickId=%7E46%7Ecgkhjd-cijqinpqgne781VUMNKRIEzxulmcd96WUNHxumc96X&CurrencyCode=USD&CustomerEmail=b78e445ab02571c708b2b42ca6c76872a74d4307&CustomerStatus=New&EventDate=2025-06-19T22%3A00%3A41.000Z&IntegrationSource=Impact_BigCommerce_Plugin&OrderId=2206567&ItemSku1=GUM-LIM-060-1500D8&ItemQuantity1=1&ItemCategory1=Koi%20Delta%208%20THC%20Gummies&ItemSubtotal1=89.99
2025-06-19 22:01:11,A-ef419707-d7da-40f1-9665-e33f677e22c1,"[{""type"":""Contract Error"",""msg"":""CLICK_AFTER_CONVERSION_EVENT""}]",ActionTrackerId=57804&CampaignId=36368&ClickId=%7Eea2RWRMFMLOHIGEGJKAHyopninhiha58ZX256WXMJzxwoeb6WQNE&CurrencyCode=USD&CustomerEmail=88878543d3c7b62d0ab915161740a8c8bb2c3bfb&CustomerStatus=New&EventDate=2025-06-19T21%3A59%3A52.000Z&IntegrationSource=Impact_BigCommerce_Plugin&IpAddress=136.34.234.38&OrderId=2206565&OrderPromoCode=Vacay&ItemSku1=GUM-BOR-020-2500&ItemQuantity1=1&ItemCategory1=Koi%20Dragon%20Blend%20Gummies&ItemSubtotal1=79.99&ItemSku2=GUM-BOR-020-2500&ItemQuantity2=1&ItemCategory2=Koi%20Dragon%20Blend%20Gummies&ItemSubtotal2=0
2025-06-19 21:58:16,A-0ef66d84-93b6-4b7a-b995-8754b711ceec,"[{""type"":""Contract Error"",""msg"":""CLICK_AFTER_CONVERSION_EVENT""}]",ActionTrackerId=57804&CampaignId=36368&ClickId=%7EejqxDHNSKOLOPLPSVWLSJABzuzsuqmgjhjief78ZRKHCujg-1WSJ&CurrencyCode=USD&CustomerEmail=5b202968ed7d67694c972bdb75c7cf2216d9d2c6&CustomerStatus=New&EventDate=2025-06-19T21%3A57%3A31.000Z&IntegrationSource=Impact_BigCommerce_Plugin&OrderId=2206563&ItemSku1=GUM-STR-040-1000D9&ItemQuantity1=1&ItemCategory1=Extra%20Strength%20Delta%209%20THC%20Gummies&ItemSubtotal1=78.99
2025-06-19 21:56:11,A-b8f5fd24-728e-4566-991b-09adc96e9170,"[{""type"":""Contract Error"",""msg"":""CLICK_AFTER_CONVERSION_EVENT""}]",ActionTrackerId=57804&CampaignId=36368&ClickId=%7E60QW3WNMHKHKLNEyBCrzpghfaf-agmqszDGwxmnkgfed5VRKAvri&CurrencyCode=USD&CustomerEmail=d047190ef50da5dbe32dcb8d56ac576eda8160cd&CustomerId=158396&CustomerStatus=Existing&EventDate=2025-06-19T21%3A54%3A54.000Z&IntegrationSource=Impact_BigCommerce_Plugin&IpAddress=68.2.236.123&OrderId=2206561&OrderPromoCode=4XP3WFB3&ItemSku1=BAL-DRG-060-2000&ItemQuantity1=1&ItemCategory1=Dragon%20Balm&ItemSubtotal1=64.99
2025-06-19 21:53:11,A-97120ae1-4a42-419f-bb35-04a5c3f9f6fc,"[{""type"":""Contract Error"",""msg"":""CLICK_AFTER_CONVERSION_EVENT""}]",ActionTrackerId=57804&CampaignId=36368&ClickId=%7E27c9dg%7E502S01YPKNOELCsuqlqklojmfdgnmnded51ZPONJCrmja&CurrencyCode=USD&CustomerEmail=83dbb63a50d5d4c43e435d82faa20d9536eaa717&CustomerStatus=New&EventDate=2025-06-19T21%3A51%3A53.000Z&IntegrationSource=Impact_BigCommerce_Plugin&OrderId=2206560&OrderPromoCode=BF5D0053KC&ItemSku1=GUM-BLR-020-2500-1&ItemQuantity1=1&ItemCategory1=Koi%20Dragon%20Blend%20Gummies%20-%2020%20count&ItemSubtotal1=55.99&ItemSku2=GUM-BLR-020-2500-1&ItemQuantity2=1&ItemCategory2=Koi%20Dragon%20Blend%20Gummies%20-%2020%20count&ItemSubtotal2=56
2025-06-19 21:52:14,A-c764d6ad-bdac-4a18-b111-a10af90bba4b,"[{""type"":""Contract Error"",""msg"":""CLICK_AFTER_CONVERSION_EVENT""}]",ActionTrackerId=57804&CampaignId=36368&ClickId=%7Eb8-2V0YW021WXSMEDEuBrijgbgabg-d580656WXOJIDusrng830Q&CurrencyCode=USD&CustomerEmail=9a39334105ebdf487be553237ccd6df42d18ab45&CustomerStatus=New&EventDate=2025-06-19T21%3A51%3A49.000Z&IntegrationSource=Impact_BigCommerce_Plugin&OrderId=2206559&OrderPromoCode=VACAY&ItemSku1=GUM-NCL-060-0600&ItemQuantity1=1&ItemCategory1=Koi%20CBD%20Gummies%20%7C%20Nighttime%20Rest&ItemSubtotal1=59.99&ItemSku2=GUM-NCL-060-0600&ItemQuantity2=1&ItemCategory2=Koi%20CBD%20Gummies%20%7C%20Nighttime%20Rest&ItemSubtotal2=0
2025-06-19 21:50:15,A-61581b57-43fc-44ea-b6ba-b1b9fd1cbb14,"[{""type"":""Contract Error"",""msg"":""CLICK_AFTER_CONVERSION_EVENT""}]",ActionTrackerId=57804&CampaignId=36368&ClickId=%7Eb%7Eadkoimljqijhgjhi%7Ef8Z0XQWPQSKOUQJBxynoe-4ZVRQMFvpmd&CurrencyCode=USD&CustomerEmail=a0ffac5fc133810e6f27971a321dbb13f95bc816&CustomerId=16409&CustomerStatus=Existing&EventDate=2025-06-19T19%3A55%3A34.000Z&IntegrationSource=Impact_BigCommerce_Plugin&OrderId=2206501&OrderPromoCode=VACAY&ItemSku1=TIN-NAT-030-2000&ItemQuantity1=1&ItemCategory1=Koi%20Naturals%20CBD%20Oil%20Tincture&ItemSubtotal1=124.99&ItemSku2=TIN-NAT-030-2000&ItemQuantity2=1&ItemCategory2=Koi%20Naturals%20CBD%20Oil%20Tincture&ItemSubtotal2=0
2025-06-19 21:44:13,A-dcb055ee-6445-4718-8b3a-861f693b2c39,"[{""type"":""Contract Error"",""msg"":""CLICK_AFTER_CONVERSION_EVENT""}]",ActionTrackerId=57804&CampaignId=36368&ClickId=%7E8-14Z642V2734-gfhi%7Ef8Z0WQWPQHKRUQGIEFvwvljfe984XMHEv&CurrencyCode=USD&CustomerEmail=f56ff095ba7f41b5ffb6892bff0d5e30f466313a&CustomerStatus=New&EventDate=2025-06-19T21%3A43%3A13.000Z&IntegrationSource=Impact_BigCommerce_Plugin&OrderId=2206556&OrderPromoCode=Vacay&ItemSku1=GUM-BLR-020-2500&ItemQuantity1=2&ItemCategory1=Koi%20Dragon%20Blend%20Gummies&ItemSubtotal1=159.98&ItemSku2=GUM-BLR-020-2500&ItemQuantity2=2&ItemCategory2=Koi%20Dragon%20Blend%20Gummies&ItemSubtotal2=0
2025-06-19 21:41:12,A-f4455e85-290d-49d4-996e-1454d3b52969,"[{""type"":""Contract Error"",""msg"":""CLICK_AFTER_CONVERSION_EVENT""}]",ActionTrackerId=57804&CampaignId=36368&ClickId=%7EejqxDHNSKOLOPLPSVWLSJABwqwpqskd737189Z0WQNGwnmib3YVL&CurrencyCode=USD&CustomerEmail=0ca0e175e5b2c5cbef1a3e98b32c2e972db4d77a&CustomerStatus=New&EventDate=2025-06-19T21%3A39%3A29.000Z&IntegrationSource=Impact_BigCommerce_Plugin&OrderId=2206555&ItemSku1=GUM-BLR-060-1500D8&ItemQuantity1=1&ItemCategory1=Koi%20Delta%208%20THC%20Gummies&ItemSubtotal1=92.99
2025-06-19 21:37:11,A-b4226ecb-5f9e-4a6b-98fb-122e38d5d2b7,"[{""type"":""Contract Error"",""msg"":""CLICK_AFTER_CONVERSION_EVENT""}]",ActionTrackerId=57804&CampaignId=36368&ClickId=%7Ed5V0RQLOSPGLMPFDBCrzpghc9c89c9d695%7E45VWRMGxonlha2XUK&CurrencyCode=USD&CustomerEmail=f394811776c835d497cf2ebe4c05501ad93ca48a&CustomerId=175951&CustomerStatus=Existing&EventDate=2025-06-19T21%3A35%3A13.000Z&IntegrationSource=Impact_BigCommerce_Plugin&IpAddress=166.192.43.60&OrderId=2206553&OrderPromoCode=VACAY&ItemSku1=FLW-GUH-006-THCA&ItemQuantity1=1&ItemCategory1=THCA%20Mini%20Pre-Rolls%20-%20Kief-Infused&ItemSubtotal1=49.99&ItemSku2=FLW-WDC-006-THCA&ItemQuantity2=1&ItemCategory2=THCA%20Mini%20Pre-Rolls%20-%20Kief-Infused&ItemSubtotal2=49.99&ItemSku3=FLW-WDC-006-THCA&ItemQuantity3=1&ItemCategory3=THCA%20Mini%20Pre-Rolls%20-%20Kief-Infused&ItemSubtotal3=0&ItemSku4=FLW-GUH-006-THCA&ItemQuantity4=1&ItemCategory4=THCA%20Mini%20Pre-Rolls%20-%20Kief-Infused&ItemSubtotal4=0
2025-06-19 21:36:12,A-d5a3078a-cbf3-40f8-9cb5-6b8ca607d95e,"[{""type"":""Contract Error"",""msg"":""CLICK_AFTER_CONVERSION_EVENT""}]",ActionTrackerId=57804&CampaignId=36368&ClickId=%7E6Y573846bga78Y4645YOUNOUSY12VSYNRXMLMCDCsogfdb92RMJA&CurrencyCode=USD&CustomerEmail=649a140af0903e994ce7a30deaabcfc6a1968e26&CustomerId=162685&CustomerStatus=Existing&EventDate=2025-06-19T21%3A34%3A45.000Z&IntegrationSource=Impact_BigCommerce_Plugin&IpAddress=45.22.84.121&OrderId=2206552&OrderPromoCode=vacay&ItemSku1=GUM-BLR-020-2500&ItemQuantity1=1&ItemCategory1=Koi%20Dragon%20Blend%20Gummies&ItemSubtotal1=82.39&ItemSku2=GUM-BLR-020-2500&ItemQuantity2=1&ItemCategory2=Koi%20Dragon%20Blend%20Gummies&ItemSubtotal2=0
2025-06-19 21:33:14,A-963a3a73-9173-45fc-9711-22908f181c21,"[{""type"":""Contract Error"",""msg"":""CLICK_AFTER_CONVERSION_EVENT""}]",ActionTrackerId=57804&CampaignId=36368&ClickId=%7Ef963WVSX372YZPKJLMCJAqrukpjknlhf7Z2SUJKIBAqifd-4UOLC&CurrencyCode=USD&CustomerEmail=609aa519db2b75f3bc503a19deb23b755aca0101&CustomerStatus=New&EventDate=2025-06-19T21%3A31%3A43.000Z&IntegrationSource=Impact_BigCommerce_Plugin&OrderId=2206550&OrderPromoCode=W1V908L8018D6&ItemSku1=GUM-BLR-020-2500-1&ItemQuantity1=1&ItemCategory1=Koi%20Dragon%20Blend%20Gummies%20-%2020%20count&ItemSubtotal1=63.99
2025-06-19 21:31:10,A-2f779955-f032-4a64-a594-e2f48fcfb35d,"[{""type"":""Contract Error"",""msg"":""CLICK_AFTER_CONVERSION_EVENT""}]",ActionTrackerId=57804&CampaignId=36368&ClickId=%7E5X0PWQW0POJOPJzpnoelc560V0UVZW0203523SUNGzwrmkg-1WSJ&CurrencyCode=USD&CustomerEmail=5aae82755b1436a7370b2485806b0043dbd6e6ac&CustomerStatus=New&EventDate=2025-06-19T21%3A29%3A20.000Z&IntegrationSource=Impact_BigCommerce_Plugin&IpAddress=209.62.201.8&OrderId=2206549&OrderPromoCode=vacay&ItemSku1=GUM-BLK-020-2500&ItemQuantity1=1&ItemCategory1=Koi%20Dragon%20Blend%20Gummies&ItemSubtotal1=83.99&ItemSku2=GUM-BLK-020-2500&ItemQuantity2=1&ItemCategory2=Koi%20Dragon%20Blend%20Gummies&ItemSubtotal2=0
2025-06-19 21:24:13,A-38ba2f44-e17f-47a3-ae67-738edd9c65e0,"[{""type"":""Contract Error"",""msg"":""CLICK_AFTER_CONVERSION_EVENT""}]",ActionTrackerId=57804&CampaignId=36368&ClickId=%7E03YONKGMFEByzxEusujqh%7E-4Z4YZUZ24XSY01QRJDyqia%7E6ZOJGx&CurrencyCode=USD&CustomerEmail=02876e4d20a9e970a9dcbc378dea4b97972ec7ea&CustomerStatus=New&EventDate=2025-06-19T21%3A23%3A37.000Z&IntegrationSource=Impact_BigCommerce_Plugin&IpAddress=74.112.119.11&OrderId=2206548&ItemSku1=VAP-MNB-BAR-5000V2&ItemQuantity1=1&ItemCategory1=Koi%20THCA%20%2B%20THCP%20%2B%20Delta%209%20THC%205g%20Disposable%20Vapes&ItemSubtotal1=67.89
2025-06-19 21:17:10,A-87bff3d6-2577-4766-aea9-b7ff9cdcbaa7,"[{""type"":""Contract Error"",""msg"":""CLICK_AFTER_CONVERSION_EVENT""}]",ActionTrackerId=57804&CampaignId=36368&ClickId=%7Eda-9ZOGNEIFvwmjlopfmd671UNEFJQPURIDCDsukc43UQNJCrmja&CurrencyCode=USD&CustomerEmail=ecb3694c6745e8d63e7797d378a2040fa79f2ef2&CustomerStatus=New&EventDate=2025-06-19T21%3A15%3A13.000Z&IntegrationSource=Impact_BigCommerce_Plugin&IpAddress=184.15.195.253&OrderId=2206547&OrderPromoCode=Vacay&ItemSku1=GUM-VAR-010-1250&ItemQuantity1=2&ItemCategory1=Koi%20Dragon%20Blend%20Gummies&ItemSubtotal1=94.38&ItemSku2=GUM-VAR-010-1250&ItemQuantity2=2&ItemCategory2=Koi%20Dragon%20Blend%20Gummies&ItemSubtotal2=0
2025-06-19 21:16:12,A-d263708b-6086-4d02-a3d4-10d0601d6dd8,"[{""type"":""Contract Error"",""msg"":""CLICK_AFTER_CONVERSION_EVENT""}]",ActionTrackerId=57804&CampaignId=36368&ClickId=%7Efelb6WUMDFKABrqpnoelc562X1SUNU0VSMKMNDEwrmfd-84XMHEv&CurrencyCode=USD&CustomerEmail=7847469e329e76f194ae6dc97d18eb73f410957e&CustomerStatus=New&EventDate=2025-06-19T21%3A14%3A37.000Z&IntegrationSource=Impact_BigCommerce_Plugin&IpAddress=24.96.171.185&OrderId=2206546&OrderPromoCode=vacay&ItemSku1=GUM-BLK-020-2500&ItemQuantity1=2&ItemCategory1=Koi%20Dragon%20Blend%20Gummies&ItemSubtotal1=158.38&ItemSku2=GUM-BLK-020-2500&ItemQuantity2=2&ItemCategory2=Koi%20Dragon%20Blend%20Gummies&ItemSubtotal2=0
2025-06-19 21:13:12,A-422a7da4-2b9f-4197-be27-a8eb0ee83ec0,"[{""type"":""Contract Error"",""msg"":""CLICK_AFTER_CONVERSION_EVENT""}]",ActionTrackerId=57804&CampaignId=36368&ClickId=%7Ee651Z28c%7Ed8121XZXY4%7E1RSPMONOHNHGwnjde67YSICBvrng830Q&CurrencyCode=USD&CustomerEmail=700277b821502d22a808b01b3008bfefaa3e1426&CustomerId=157423&CustomerStatus=Existing&EventDate=2025-06-18T16%3A46%3A43.000Z&IntegrationSource=Impact_BigCommerce_Plugin&OrderId=2206033&OrderPromoCode=Dragonbalm&ItemSku1=BAL-DRG-060-2000&ItemQuantity1=1&ItemCategory1=Dragon%20Balm&ItemSubtotal1=39.99
2025-06-19 21:12:12,A-66e12cad-3199-41f6-84e2-5c9bc7864824,"[{""type"":""Contract Error"",""msg"":""CLICK_AFTER_CONVERSION_EVENT""}]",ActionTrackerId=57804&CampaignId=36368&ClickId=%7E5X0PWQW0POJOPJzpnoelc56ZVQKLFAxpvqnde675ZWQKEBxpfa90&CurrencyCode=USD&CustomerEmail=f764aed677893b42b1dbbd384c1d835d76870c8a&CustomerId=168479&CustomerStatus=Existing&EventDate=2025-06-19T21%3A10%3A40.000Z&IntegrationSource=Impact_BigCommerce_Plugin&OrderId=2206544&ItemSku1=VAP-SLR-BAR-5000V2&ItemQuantity1=1&ItemCategory1=Koi%20THCA%20%2B%20THCP%20%2B%20Delta%209%20THC%205g%20Disposable%20Vapes&ItemSubtotal1=69.29
2025-06-19 21:12:10,A-671177f6-3414-40bf-89a2-2468bfd4981f,"[{""type"":""Contract Error"",""msg"":""CLICK_AFTER_CONVERSION_EVENT""}]",ActionTrackerId=57804&CampaignId=36368&ClickId=%7Eb8-2V0YW021WXSMEDEuBrija7a67ZXRLHypvwlmc972UNKGzojg9&CurrencyCode=USD&CustomerEmail=76f9a7d125efab2af45355e7d9aa434d54698c3d&CustomerId=58741&CustomerStatus=Existing&EventDate=2025-06-19T21%3A10%3A19.000Z&IntegrationSource=Impact_BigCommerce_Plugin&OrderId=2206543&OrderPromoCode=vacay&ItemSku1=GUM-BLR-020-2500&ItemQuantity1=2&ItemCategory1=Koi%20Dragon%20Blend%20Gummies&ItemSubtotal1=159.98&ItemSku2=GUM-BLR-020-2500&ItemQuantity2=2&ItemCategory2=Koi%20Dragon%20Blend%20Gummies&ItemSubtotal2=0
2025-06-19 21:10:10,A-6b79485c-8209-401c-ac36-e528a5b10e49,"[{""type"":""Contract Error"",""msg"":""CLICK_AFTER_CONVERSION_EVENT""}]",ActionTrackerId=57804&CampaignId=36368&ClickId=%7E39c%7E58-359a5693WUVKRIzAHLSLMDuyouwunoef86YSKDAwoe-8Z&CurrencyCode=USD&CustomerEmail=77ba7e5587e287cc6f537cbd7224eaba45a70230&CustomerStatus=New&EventDate=2025-06-19T21%3A08%3A38.000Z&IntegrationSource=Impact_BigCommerce_Plugin&OrderId=2206542&OrderPromoCode=W1V908L8018D6&ItemSku1=GUM-BLR-020-2500-1&ItemQuantity1=1&ItemCategory1=Koi%20Dragon%20Blend%20Gummies%20-%2020%20count&ItemSubtotal1=63.99
2025-06-19 21:07:13,A-6472aeb6-d642-482a-a513-dca2c4d5d987,"[{""type"":""Contract Error"",""msg"":""CLICK_AFTER_CONVERSION_EVENT""}]",ActionTrackerId=57804&CampaignId=36368&ClickId=%7E5X0PWQW0POJOPJzpnoelc56XRXQRXSINKNPIJzAxsjb%7E1YUMCxuk&CurrencyCode=USD&CustomerEmail=b05caa78ba15d4b431f9adc27c77d3874f0b66de&CustomerStatus=New&EventDate=2025-06-19T21%3A06%3A05.000Z&IntegrationSource=Impact_BigCommerce_Plugin&IpAddress=50.222.234.18&OrderId=2206541&OrderPromoCode=BF5D0053KC&ItemSku1=GUM-BLR-020-2500-1&ItemQuantity1=1&ItemCategory1=Koi%20Dragon%20Blend%20Gummies%20-%2020%20count&ItemSubtotal1=55.99&ItemSku2=NCOMP-SAMP-1&ItemQuantity2=1&ItemCategory2=KoiCBD%20Welcome%20Pack&ItemSubtotal2=19.99&ItemSku3=GUM-BLR-020-2500-1&ItemQuantity3=1&ItemCategory3=Koi%20Dragon%20Blend%20Gummies%20-%2020%20count&ItemSubtotal3=56
2025-06-19 21:03:10,A-71e0cd2e-7578-486f-ba3b-3c1832349bd5,"[{""type"":""Contract Error"",""msg"":""CLICK_AFTER_CONVERSION_EVENT""}]",ActionTrackerId=57804&CampaignId=36368&ClickId=%7E87-cgmqiginvwomcef7c5WXQPUMNLSXOEDzrsijdb6WVSOKDsnkb&CurrencyCode=USD&CustomerEmail=d380b9cfb1ca62807301f388948a7dc870ec7049&CustomerId=33548&CustomerStatus=Existing&EventDate=2025-06-19T21%3A01%3A22.000Z&IntegrationSource=Impact_BigCommerce_Plugin&IpAddress=69.23.54.7&OrderId=2206537&OrderPromoCode=VACAY&ItemSku1=GUM-BOR-020-2500&ItemQuantity1=1&ItemCategory1=Koi%20Dragon%20Blend%20Gummies&ItemSubtotal1=83.99&ItemSku2=GUM-BOR-020-2500&ItemQuantity2=1&ItemCategory2=Koi%20Dragon%20Blend%20Gummies&ItemSubtotal2=0
2025-06-19 21:00:12,A-54c6b21a-c4da-4179-a24e-f9ebf8424b2b,"[{""type"":""Contract Error"",""msg"":""CLICK_AFTER_CONVERSION_EVENT""}]",ActionTrackerId=57804&CampaignId=36368&ClickId=%7E79d%7Ed57bec9-afkmklbi-23SNSMNLROLPJBuvkljb86YVQMFvpmd&CurrencyCode=USD&CustomerEmail=292d73ec4f5bc89c649f2ea44b766a65281c7b40&CustomerStatus=New&EventDate=2025-06-19T20%3A58%3A43.000Z&IntegrationSource=Impact_BigCommerce_Plugin&OrderId=2206535&OrderPromoCode=Vacay&ItemSku1=GUM-BLR-020-2500&ItemQuantity1=1&ItemCategory1=Koi%20Dragon%20Blend%20Gummies&ItemSubtotal1=79.19&ItemSku2=GUM-BLR-020-2500&ItemQuantity2=1&ItemCategory2=Koi%20Dragon%20Blend%20Gummies&ItemSubtotal2=0
2025-06-19 20:59:10,A-a79a6b79-c4fe-45ff-ae9e-da0ab242d21d,"[{""type"":""Contract Error"",""msg"":""CLICK_AFTER_CONVERSION_EVENT""}]",ActionTrackerId=57804&CampaignId=36368&ClickId=%7Eb%7Eadkoimljqijhgjhi%7Ef8Z0PKPJKPGLIGAsij-a9ZWVOKGCvkfc5&CurrencyCode=USD&CustomerEmail=b5ca1011d20da40d0c514708f8714288c0d6b754&CustomerStatus=New&EventDate=2025-06-19T20%3A57%3A24.000Z&IntegrationSource=Impact_BigCommerce_Plugin&IpAddress=69.138.65.241&OrderId=2206534&OrderPromoCode=Vacay&ItemSku1=TIN-ORN-030-2000&ItemQuantity1=2&ItemCategory1=Koi%20Naturals%20CBD%20Oil%20Tincture&ItemSubtotal1=262.78&ItemSku2=TIN-ORN-030-2000&ItemQuantity2=2&ItemCategory2=Koi%20Naturals%20CBD%20Oil%20Tincture&ItemSubtotal2=0
2025-06-19 20:51:10,A-f4370642-ad6b-41c6-ade6-e174fd037370,"[{""type"":""Contract Error"",""msg"":""CLICK_AFTER_CONVERSION_EVENT""}]",ActionTrackerId=57804&CampaignId=36368&ClickId=%7Ed8dcad6a4UX01SQKNOW2SJKFxEKLGJNMDHJCDsuqjdc%7E1XSLBwsj&CurrencyCode=USD&CustomerEmail=8f71a38fef8cb6fa20f84dd869707e397b90fef4&CustomerId=167312&CustomerStatus=Existing&EventDate=2025-06-19T20%3A49%3A21.000Z&IntegrationSource=Impact_BigCommerce_Plugin&OrderId=2206532&OrderPromoCode=Vacay&ItemSku1=GUM-BOR-020-2500&ItemQuantity1=1&ItemCategory1=Koi%20Dragon%20Blend%20Gummies&ItemSubtotal1=77.59&ItemSku2=GUM-NCL-020-0200&ItemQuantity2=1&ItemCategory2=Koi%20CBD%20Gummies%20%7C%20Nighttime%20Rest&ItemSubtotal2=24.99&ItemSku3=GUM-NCL-020-0200&ItemQuantity3=1&ItemCategory3=Koi%20CBD%20Gummies%20%7C%20Nighttime%20Rest&ItemSubtotal3=0&ItemSku4=GUM-BOR-020-2500&ItemQuantity4=1&ItemCategory4=Koi%20Dragon%20Blend%20Gummies&ItemSubtotal4=0
2025-06-19 20:50:13,A-c8c368f3-3d4f-481f-bb2c-aa7b770dce89,"[{""type"":""Contract Error"",""msg"":""CLICK_AFTER_CONVERSION_EVENT""}]",ActionTrackerId=57804&CampaignId=36368&ClickId=%7Eekd-ehegi%7E7%7E-ce-%7E-18ZPQPX1SUXNURONGNOEFDArokb95YNIFw&CurrencyCode=USD&CustomerEmail=e0dc7623d16ccdf000a5ef9a70841dd2a7c46eb1&CustomerId=158173&CustomerStatus=Existing&EventDate=2025-06-19T20%3A49%3A19.000Z&IntegrationSource=Impact_BigCommerce_Plugin&IpAddress=50.213.245.177&OrderId=2206531&OrderPromoCode=EPHME9CL&ItemSku1=GUM-POM-030-0750&ItemQuantity1=1&ItemCategory1=Koi%20Complete%20Full%20Spectrum%20CBD%20%2B%20THC%20Gummies&ItemSubtotal1=13.32&ItemSku2=GUM-WTM-CALI-KOI&ItemQuantity2=1&ItemCategory2=%5BLimited%20Drop%5D%20Cali%20Vibes%20x%20Koi%20CBD%20Gummies&ItemSubtotal2=6.66
2025-06-19 20:50:11,A-68128b3f-ceee-49f5-8a5e-5c72c5b1860a,"[{""type"":""Contract Error"",""msg"":""CLICK_AFTER_CONVERSION_EVENT""}]",ActionTrackerId=57804&CampaignId=36368&ClickId=%7E51XOVKHNJDwsuxEusuxEyrsqyBuvrjldb8323SUOGAqmd-70PKHy&CurrencyCode=USD&CustomerEmail=5374f94b9cb5731a4873970bae4c740605ddb91f&CustomerStatus=New&EventDate=2025-06-19T20%3A49%3A10.000Z&IntegrationSource=Impact_BigCommerce_Plugin&OrderId=2206530&OrderPromoCode=VACAY&ItemSku1=GUM-BLK-020-2500&ItemQuantity1=1&ItemCategory1=Koi%20Dragon%20Blend%20Gummies&ItemSubtotal1=75.99&ItemSku2=GUM-BLK-020-2500&ItemQuantity2=1&ItemCategory2=Koi%20Dragon%20Blend%20Gummies&ItemSubtotal2=0
2025-06-19 20:50:10,A-8038970f-61dc-4ae5-8d9b-cf7decdbac50,"[{""type"":""Contract Error"",""msg"":""CLICK_AFTER_CONVERSION_EVENT""}]",ActionTrackerId=57804&CampaignId=36368&ClickId=%7E03X1QYPVYWMIJBFCFGwDuklrlqklgnja8cade670UKFEuple61YO&CurrencyCode=USD&CustomerEmail=4b9469e628ade3e9b29e11af6d720c32c1637861&CustomerStatus=New&EventDate=2025-06-19T20%3A48%3A05.000Z&IntegrationSource=Impact_BigCommerce_Plugin&IpAddress=74.209.104.60&OrderId=2206529&OrderPromoCode=F13O58CUR&ItemSku1=DB-BUNDLE6&ItemQuantity1=1&ItemCategory1=60%20Dragon%20Blend%20Gummies%20-%203%20Blue%20Razz&ItemSubtotal1=143.98
2025-06-19 20:49:11,A-c5e1b5bd-f03f-4760-8f97-5de8aa63dd31,"[{""type"":""Contract Error"",""msg"":""CLICK_AFTER_CONVERSION_EVENT""}]",ActionTrackerId=57804&CampaignId=36368&ClickId=%7E2YOKPHLNPRMLMLDzBCrzpghnhmghe82VQMEGHxyrojgb3ZVNDyvl&CurrencyCode=USD&CustomerEmail=86cedd30a4aacc2bf88822821f01309a3df597b7&CustomerStatus=New&EventDate=2025-06-19T20%3A47%3A31.000Z&IntegrationSource=Impact_BigCommerce_Plugin&IpAddress=165.225.216.156&OrderId=2206528&OrderPromoCode=VACAY&ItemSku1=GUM-VAR-010-1250&ItemQuantity1=1&ItemCategory1=Koi%20Dragon%20Blend%20Gummies&ItemSubtotal1=47.19&ItemSku2=GUM-NCL-006-0060&ItemQuantity2=1&ItemCategory2=Koi%20CBD%20Gummies%20%7C%20Nighttime%20Rest&ItemSubtotal2=9.99&ItemSku3=GUM-NCL-006-0060&ItemQuantity3=1&ItemCategory3=Koi%20CBD%20Gummies%20%7C%20Nighttime%20Rest&ItemSubtotal3=0&ItemSku4=GUM-VAR-010-1250&ItemQuantity4=1&ItemCategory4=Koi%20Dragon%20Blend%20Gummies&ItemSubtotal4=0
2025-06-19 20:46:10,A-d8c0d6c9-472f-4ece-a094-5e9a9f9e559f,"[{""type"":""Contract Error"",""msg"":""CLICK_AFTER_CONVERSION_EVENT""}]",ActionTrackerId=57804&CampaignId=36368&ClickId=%7E2YOKPHLNPRMLMLDzBCrzpghnhmghmf-65-3VWLMGwslfd%7E6ZOJGx&CurrencyCode=USD&CustomerEmail=cd9e5d2c7ae3fee59d11ec20e6d5cbbc9a212d79&CustomerId=174624&CustomerStatus=Existing&EventDate=2025-06-19T20%3A43%3A57.000Z&IntegrationSource=Impact_BigCommerce_Plugin&OrderId=2206527&OrderPromoCode=8YRUKEK3&ItemSku1=PEC-BAC-030-0180&ItemQuantity1=2&ItemCategory1=Koi%20Omega%20Hemp%20CBD%20Soft%20Chews&ItemSubtotal1=49.98
2025-06-19 20:41:12,A-cdbb1b10-6b47-446a-9bb3-256cb75e37ce,"[{""type"":""Contract Error"",""msg"":""CLICK_AFTER_CONVERSION_EVENT""}]",ActionTrackerId=57804&CampaignId=36368&ClickId=%7E8%7Eb875-43YVNOKGILMCJAqrxqwpqnkf743101QRKHDukgb92RMJA&CurrencyCode=USD&CustomerEmail=859d1a0fe60bb0bb76edd9b40ee80221b75fc21b&CustomerStatus=New&EventDate=2025-06-19T20%3A36%3A49.000Z&IntegrationSource=Impact_BigCommerce_Plugin&OrderId=2206524&ItemSku1=GUM-BLK-020-2500&ItemQuantity1=1&ItemCategory1=Koi%20Dragon%20Blend%20Gummies&ItemSubtotal1=80.79
2025-06-19 20:34:16,A-aa63e908-45a4-4f4b-a3e7-a9885792f9b0,"[{""type"":""Contract Error"",""msg"":""CLICK_AFTER_CONVERSION_EVENT""}]",ActionTrackerId=57804&CampaignId=36368&ClickId=%7E054Z47580YQPQMDxwxmukbc5VSLMPW3Z2SZVWLMLICskc95YNIFw&CurrencyCode=USD&CustomerEmail=4a85ddd4b3773813c99248450c55b380d1351675&CustomerStatus=New&EventDate=2025-06-19T20%3A33%3A35.000Z&IntegrationSource=Impact_BigCommerce_Plugin&IpAddress=65.19.47.233&OrderId=2206523&OrderPromoCode=VACAY&ItemSku1=GUM-FRP-020-0030CBCG&ItemQuantity1=1&ItemCategory1=Koi%20CBG%20%2B%20CBC%20Gummies&ItemSubtotal1=29.99&ItemSku2=GUM-FRP-020-0030CBCG&ItemQuantity2=1&ItemCategory2=Koi%20CBG%20%2B%20CBC%20Gummies&ItemSubtotal2=0
2025-06-19 20:33:10,A-9ec67317-acb0-49eb-aa66-e226eb3f8ace,"[{""type"":""Contract Error"",""msg"":""CLICK_AFTER_CONVERSION_EVENT""}]",ActionTrackerId=57804&CampaignId=36368&ClickId=%7Eeafa6Z4Z40SWXW3%7E9%7E07YOPUNSMNDCHKJHysujkja%7E3ZOJFynif8&CurrencyCode=USD&CustomerEmail=d7a117fd6cf202aec800356e13aa1642b67162d4&CustomerId=123910&CustomerStatus=Existing&EventDate=2025-06-19T20%3A30%3A56.000Z&IntegrationSource=Impact_BigCommerce_Plugin&OrderId=2206522&ItemSku1=GUM-MAN-060-0600D9&ItemQuantity1=1&ItemCategory1=Koi%20Delta%209%20THC%20Gummies&ItemSubtotal1=89.99
2025-06-19 20:27:16,A-e1af16f0-b365-4842-a402-bc23b6769157,"[{""type"":""Contract Error"",""msg"":""CLICK_AFTER_CONVERSION_EVENT""}]",ActionTrackerId=57804&CampaignId=36368&ClickId=%7E03X1QYPVYWMIJBFCFGwDukloinhikaf%7E8-134UVQNFBxunjc4ZWM&CurrencyCode=USD&CustomerEmail=8206c5db45807c2e4a129b2eedc146f58e9f0803&CustomerStatus=New&EventDate=2025-06-19T20%3A24%3A23.000Z&IntegrationSource=Impact_BigCommerce_Plugin&OrderId=2206517&OrderPromoCode=W1V908L8018D6&ItemSku1=GUM-BLR-020-2500-1&ItemQuantity1=1&ItemCategory1=Koi%20Dragon%20Blend%20Gummies%20-%2020%20count&ItemSubtotal1=63.99
2025-06-19 20:26:17,A-e3c1beb8-62b1-4251-acf3-f654a82c352f,"[{""type"":""Contract Error"",""msg"":""CLICK_AFTER_CONVERSION_EVENT""}]",ActionTrackerId=57804&CampaignId=36368&ClickId=%7E39c%7E58-359a5693WUVKRIzAFIyrsAGDIOUZOPFGwph-41VQJzuqh&CurrencyCode=USD&CustomerEmail=25e8c8f991f1b96708ebaef2358ca69de6d4ea27&CustomerStatus=New&EventDate=2025-06-19T20%3A25%3A25.000Z&IntegrationSource=Impact_BigCommerce_Plugin&IpAddress=71.61.82.216&OrderId=2206519&OrderPromoCode=Vacay&ItemSku1=GUM-BLR-020-2500&ItemQuantity1=1&ItemCategory1=Koi%20Dragon%20Blend%20Gummies&ItemSubtotal1=79.99&ItemSku2=GUM-BLR-020-2500&ItemQuantity2=1&ItemCategory2=Koi%20Dragon%20Blend%20Gummies&ItemSubtotal2=0
2025-06-19 20:26:14,A-50c9ce23-f676-47e5-8602-56ef347fcfe4,"[{""type"":""Contract Error"",""msg"":""CLICK_AFTER_CONVERSION_EVENT""}]",ActionTrackerId=57804&CampaignId=36368&ClickId=%7E7X28dchlqknjkngljkah%7E125Z4YZ6Z3SJQOMNDEAzqmeb73WLGDu&CurrencyCode=USD&CustomerEmail=c685140ffa75640c59f477daa0b8253993eb3c1f&CustomerId=45395&CustomerStatus=Existing&EventDate=2025-06-19T20%3A25%3A19.000Z&IntegrationSource=Impact_BigCommerce_Plugin&OrderId=2206518&OrderPromoCode=UMM9169D&ItemSku1=BAL-DRG-060-2000&ItemQuantity1=1&ItemCategory1=Dragon%20Balm&ItemSubtotal1=12.38&ItemSku2=EDI-CFG-001-0300&ItemQuantity2=1&ItemCategory2=BAKED%20Brownie&ItemSubtotal2=2.6
2025-06-19 20:25:18,A-1030619b-b0cf-4d3a-bfb2-ac4f9d7193c9,"[{""type"":""Contract Error"",""msg"":""CLICK_AFTER_CONVERSION_EVENT""}]",ActionTrackerId=57804&CampaignId=36368&ClickId=%7E87b62Z5VMPVLMHzDFGwDukloinhicjd72UMIJzAxvkd-71XPFAxn&CurrencyCode=USD&CustomerEmail=7ed73f9bd8eccf7eb47338d3b4e0ccb985bbadd5&CustomerStatus=New&EventDate=2025-06-19T20%3A24%3A17.000Z&IntegrationSource=Impact_BigCommerce_Plugin&IpAddress=66.78.142.44&OrderId=2206516&OrderPromoCode=W1V908L8018D6&ItemSku1=GUM-BLR-020-2500-1&ItemQuantity1=1&ItemCategory1=Koi%20Dragon%20Blend%20Gummies%20-%2020%20count&ItemSubtotal1=63.99
2025-06-19 20:20:16,A-81f2a2b3-6f2b-4c7c-870e-0513b4bae0e6,"[{""type"":""Contract Error"",""msg"":""CLICK_AFTER_CONVERSION_EVENT""}]",ActionTrackerId=57804&CampaignId=36368&ClickId=%7Eahjqh959a90675-gfgnukbca%7E9126XQIHCxDEuvunfda5ZVNDyvl&CurrencyCode=USD&CustomerEmail=5808e99aa800f03bacae6d9b93cd4a4f1de72be0&CustomerId=175320&CustomerStatus=Existing&EventDate=2025-06-19T20%3A19%3A29.000Z&IntegrationSource=Impact_BigCommerce_Plugin&OrderId=2206514&ItemSku1=GUM-BLR-020-2500&ItemQuantity1=2&ItemCategory1=Koi%20Dragon%20Blend%20Gummies&ItemSubtotal1=167.98
2025-06-19 20:19:18,A-1e4ed010-11e8-46b0-8a2a-00030b7e3c09,"[{""type"":""Contract Error"",""msg"":""CLICK_AFTER_CONVERSION_EVENT""}]",ActionTrackerId=57804&CampaignId=36368&ClickId=%7E7%7E2XZ21W2X4Z0ZYVUVKRIzACwBvwAEBqyuqpqghfe8ZQJDzrhc-2&CurrencyCode=USD&CustomerEmail=0ee0b104581dca6295dac6fad6c3201957f1ea45&CustomerStatus=New&EventDate=2025-06-19T20%3A18%3A34.000Z&IntegrationSource=Impact_BigCommerce_Plugin&OrderId=2206513&OrderPromoCode=VACAY&ItemSku1=VAP-BJB-BAR-2000&ItemQuantity1=2&ItemCategory1=THCA%20Liquid%20Diamond%20Vapes&ItemSubtotal1=79.98&ItemSku2=VAP-BJB-BAR-2000&ItemQuantity2=2&ItemCategory2=THCA%20Liquid%20Diamond%20Vapes&ItemSubtotal2=0
2025-06-19 20:18:15,A-e7aacb9e-1987-4116-bd31-67b496557d2b,"[{""type"":""Contract Error"",""msg"":""CLICK_AFTER_CONVERSION_EVENT""}]",ActionTrackerId=57804&CampaignId=36368&ClickId=%7E7%7E2XZ21W2X4Z0ZYVUVKRIzACwBvwmfc74YQLMCDslkg80UPIyspg&CurrencyCode=USD&CustomerEmail=f8ca455dd301fe7b437f2b66aa0b70607802aa39&CustomerStatus=New&EventDate=2025-06-19T20%3A15%3A46.000Z&IntegrationSource=Impact_BigCommerce_Plugin&OrderId=2206511&OrderPromoCode=BF5D0053KC&ItemSku1=GUM-BLR-020-2500-1&ItemQuantity1=1&ItemCategory1=Koi%20Dragon%20Blend%20Gummies%20-%2020%20count&ItemSubtotal1=55.99&ItemSku2=GUM-BLR-020-2500-1&ItemQuantity2=1&ItemCategory2=Koi%20Dragon%20Blend%20Gummies%20-%2020%20count&ItemSubtotal2=56
2025-06-19 20:15:11,A-1c1e84b9-4e0a-4074-8b27-c249ed08f09e,"[{""type"":""Contract Error"",""msg"":""CLICK_AFTER_CONVERSION_EVENT""}]",ActionTrackerId=57804&CampaignId=36368&ClickId=%7Eb8-2V0YW021WXSMEDEuBrijichbciog94ZRYZOPFzvsj-51UJEBr&CurrencyCode=USD&CustomerEmail=8c477d0964abae585b94eeb9b025dce60aa8f829&CustomerId=163605&CustomerStatus=Existing&EventDate=2025-06-19T20%3A13%3A32.000Z&IntegrationSource=Impact_BigCommerce_Plugin&IpAddress=65.28.186.105&OrderId=2206510&OrderPromoCode=Vacay&ItemSku1=VAP-BHM-BAR-2000&ItemQuantity1=1&ItemCategory1=THCA%20Liquid%20Diamond%20Vapes&ItemSubtotal1=39.99&ItemSku2=VAP-BBK-BAR-5000V2&ItemQuantity2=1&ItemCategory2=Koi%20THCA%20%2B%20THCP%20%2B%20Delta%209%20THC%205g%20Disposable%20Vapes&ItemSubtotal2=69.29&ItemSku3=VAP-BHM-BAR-2000&ItemQuantity3=1&ItemCategory3=THCA%20Liquid%20Diamond%20Vapes&ItemSubtotal3=0
2025-06-19 20:11:11,A-6288818c-4c4d-4913-b25d-ab2dd06c0adb,"[{""type"":""Contract Error"",""msg"":""CLICK_AFTER_CONVERSION_EVENT""}]",ActionTrackerId=57804&CampaignId=36368&ClickId=%7E87b62Z5VMPVLMHzDFGwDuklkejdec59a29a78YZRMKBAxple61YO&CurrencyCode=USD&CustomerEmail=e06daef51a4827937633b7a84eb402ff57d982ee&CustomerId=187277&CustomerStatus=New&EventDate=2025-06-19T20%3A09%3A40.000Z&IntegrationSource=Impact_BigCommerce_Plugin&OrderId=2206508&ItemSku1=VAP-WTZ-BAR-5000V2&ItemQuantity1=1&ItemCategory1=Koi%20THCA%20%2B%20THCP%20%2B%20Delta%209%20THC%205g%20Disposable%20Vapes&ItemSubtotal1=55.43&ItemSku2=NCOMP-SAMP&ItemQuantity2=1&ItemCategory2=Welcome%20Pack&ItemSubtotal2=0
2025-06-19 20:10:10,A-f998c6b8-b128-4b6d-9a56-aeb80e8c88ae,"[{""type"":""Contract Error"",""msg"":""CLICK_AFTER_CONVERSION_EVENT""}]",ActionTrackerId=57804&CampaignId=36368&ClickId=%7Ec90WPFBGyFEABHzvxynvlcdc8b7830285a-34UVRQMCspie9ZUQH&CurrencyCode=USD&CustomerEmail=189ea10ef8b4a194ca85e8fd02de58e7867ee91b&CustomerId=166399&CustomerStatus=Existing&EventDate=2025-06-19T20%3A08%3A20.000Z&IntegrationSource=Impact_BigCommerce_Plugin&OrderId=2206507&OrderPromoCode=DRAGONBALM&ItemSku1=BAL-DRG-060-2000&ItemQuantity1=1&ItemCategory1=Dragon%20Balm&ItemSubtotal1=39.99&ItemSku2=GUM-VAR-010-0250D8&ItemQuantity2=1&ItemCategory2=Koi%20Delta%208%20THC%20Gummies&ItemSubtotal2=23.69
2025-06-19 20:05:15,A-2b6a2706-2b31-4f4f-9512-f5c6a9d96356,"[{""type"":""Contract Error"",""msg"":""CLICK_AFTER_CONVERSION_EVENT""}]",ActionTrackerId=57804&CampaignId=36368&ClickId=%7E5X0PWQW0POJOPJzpnoelc564Y3XYNGDGCGJGHxywlc90UMIBqli-&CurrencyCode=USD&CustomerEmail=ebbd8be5cb296aba202d4318e64a39cfc6b789e6&CustomerId=178036&CustomerStatus=Existing&EventDate=2025-06-19T20%3A03%3A23.000Z&IntegrationSource=Impact_BigCommerce_Plugin&IpAddress=174.80.151.208&OrderId=2206505&OrderPromoCode=ATMR96HM&ItemSku1=GUM-STR-060-1500D8&ItemQuantity1=2&ItemCategory1=Koi%20Delta%208%20THC%20Gummies&ItemSubtotal1=107.58&ItemSku2=NCOMP-SAMP&ItemQuantity2=1&ItemCategory2=Welcome%20Pack&ItemSubtotal2=0
2025-06-19 20:05:14,A-378456db-f34f-4c3e-a44a-2c9deb4bb713,"[{""type"":""Contract Error"",""msg"":""CLICK_AFTER_CONVERSION_EVENT""}]",ActionTrackerId=57804&CampaignId=36368&ClickId=%7Eb%7Eadkoimljqijhgjhi%7Ef8Z0YRXQRWZRIEHxuvkliba%7E92VQJzuqh&CurrencyCode=USD&CustomerEmail=f56a29d2c185d1c8f518e487445b54aaa8660c9c&CustomerStatus=New&EventDate=2025-06-19T20%3A03%3A07.000Z&IntegrationSource=Impact_BigCommerce_Plugin&IpAddress=131.106.244.52&OrderId=2206504&ItemSku1=GUM-WTM-040-1000D9&ItemQuantity1=1&ItemCategory1=Extra%20Strength%20Delta%209%20THC%20Gummies&ItemSubtotal1=76.99
2025-06-19 20:05:14,A-d9f4b656-02ca-4a33-b109-80fdab447cd5,"[{""type"":""Contract Error"",""msg"":""CLICK_AFTER_CONVERSION_EVENT""}]",ActionTrackerId=57804&CampaignId=36368&ClickId=%7E60QW3WNMHKHKLNEyBCrzpghf-e%7E-40QXQLDBCrsifd-3XPLEuolc&CurrencyCode=USD&CustomerEmail=e6935aec090bb437b91861b5f9aabbb370171ac6&CustomerStatus=New&EventDate=2025-06-19T20%3A03%3A41.000Z&IntegrationSource=Impact_BigCommerce_Plugin&OrderId=2206506&OrderPromoCode=mil-166fd4a9b&ItemSku1=GUM-FRP-020-0030CBCG&ItemQuantity1=1&ItemCategory1=Koi%20CBG%20%2B%20CBC%20Gummies&ItemSubtotal1=22.49
2025-06-19 20:04:12,A-7d9c3801-0f6e-482f-b1be-cda729175e1e,"[{""type"":""Contract Error"",""msg"":""CLICK_AFTER_CONVERSION_EVENT""}]",ActionTrackerId=57804&CampaignId=36368&ClickId=%7E2YOKPHLNPRMLMLDzBCrzpghf-e%7E-giojmrunoefa%7E0UMFyumc96X&CurrencyCode=USD&CustomerEmail=10007431e34ac07bfb0f02739bbaf1dc58824c7d&CustomerId=93987&CustomerStatus=Existing&EventDate=2025-06-19T20%3A02%3A06.000Z&IntegrationSource=Impact_BigCommerce_Plugin&OrderId=2206503&OrderPromoCode=VACAY&ItemSku1=FLW-GUH-006-THCA&ItemQuantity1=1&ItemCategory1=THCA%20Mini%20Pre-Rolls%20-%20Kief-Infused&ItemSubtotal1=52.49&ItemSku2=GUM-BOR-020-2500&ItemQuantity2=1&ItemCategory2=Koi%20Dragon%20Blend%20Gummies&ItemSubtotal2=79.99&ItemSku3=FLW-GUH-006-THCA&ItemQuantity3=1&ItemCategory3=THCA%20Mini%20Pre-Rolls%20-%20Kief-Infused&ItemSubtotal3=0&ItemSku4=GUM-BOR-020-2500&ItemQuantity4=1&ItemCategory4=Koi%20Dragon%20Blend%20Gummies&ItemSubtotal4=0
2025-06-19 19:58:11,A-a2105e61-2d30-4a0b-9dfa-aefa27fd52f9,"[{""type"":""Contract Error"",""msg"":""CLICK_AFTER_CONVERSION_EVENT""}]",ActionTrackerId=57804&CampaignId=36368&ClickId=%7E8%7E7c94%7E04V256XNDFGNUKBCArqsuyqogmqouvklc73VLBupi%7E52S&CurrencyCode=USD&CustomerEmail=147971eab8afe96f148d4bf1288808bd75b36b8c&CustomerId=179817&CustomerStatus=Existing&EventDate=2025-06-19T19%3A56%3A40.000Z&IntegrationSource=Impact_BigCommerce_Plugin&IpAddress=173.53.46.92&OrderId=2206502&OrderPromoCode=NKGMA8TA&ItemSku1=GUM-BLR-060-0600D9&ItemQuantity1=1&ItemCategory1=Koi%20Delta%209%20THC%20Gummies&ItemSubtotal1=59.76&ItemSku2=VAP-MNB-BAR-5000V2&ItemQuantity2=1&ItemCategory2=Koi%20THCA%20%2B%20THCP%20%2B%20Delta%209%20THC%205g%20Disposable%20Vapes&ItemSubtotal2=49.22&ItemSku3=NCOMP-SAMP&ItemQuantity3=1&ItemCategory3=Welcome%20Pack&ItemSubtotal3=0
2025-06-19 19:58:10,A-ac615949-0af0-4056-80ba-895d234044e6,"[{""type"":""Contract Error"",""msg"":""CLICK_AFTER_CONVERSION_EVENT""}]",ActionTrackerId=57804&CampaignId=36368&ClickId=%7Eb%7Eadkoimljqijhgjhi%7Ef8Z0XQWPQSKOUQJBxynog%7E71USKGzojg9&CurrencyCode=USD&CustomerEmail=a0ffac5fc133810e6f27971a321dbb13f95bc816&CustomerId=16409&CustomerStatus=Existing&EventDate=2025-06-19T19%3A55%3A34.000Z&IntegrationSource=Impact_BigCommerce_Plugin&OrderId=2206501&OrderPromoCode=VACAY&ItemSku1=TIN-NAT-030-2000&ItemQuantity1=1&ItemCategory1=Koi%20Naturals%20CBD%20Oil%20Tincture&ItemSubtotal1=124.99&ItemSku2=TIN-NAT-030-2000&ItemQuantity2=1&ItemCategory2=Koi%20Naturals%20CBD%20Oil%20Tincture&ItemSubtotal2=0
2025-06-19 19:50:13,A-6c380343-38a1-4565-ade9-c5ff9064c80b,"[{""type"":""Contract Error"",""msg"":""CLICK_AFTER_CONVERSION_EVENT""}]",ActionTrackerId=57804&CampaignId=36368&ClickId=%7Efh-df9ZQX2VLMGJFIJzGxnoquyqrmf7ce8ZOPFGBsmkd%7E2YQGByo&CurrencyCode=USD&CustomerEmail=233678b22695b6174a020039001a47fc89c3a33e&CustomerId=134435&CustomerStatus=Existing&EventDate=2025-06-19T19%3A48%3A52.000Z&IntegrationSource=Impact_BigCommerce_Plugin&IpAddress=68.49.76.13&OrderId=2206500&OrderPromoCode=QXN1YRSE&ItemSku1=GUM-STR-040-1000D9&ItemQuantity1=1&ItemCategory1=Extra%20Strength%20Delta%209%20THC%20Gummies&ItemSubtotal1=63.03&ItemSku2=NCOMP-SAMP-1&ItemQuantity2=1&ItemCategory2=KoiCBD%20Welcome%20Pack&ItemSubtotal2=15.95
2025-06-19 19:49:14,A-7a40d872-2fc6-443c-b383-8a11abb01c02,"[{""type"":""Contract Error"",""msg"":""CLICK_AFTER_CONVERSION_EVENT""}]",ActionTrackerId=57804&CampaignId=36368&ClickId=%7Ee7c%7E4WYNEulfgd73679d6XYQYVUV0YQMIyDCDsuke%7E982UPIyspg&CurrencyCode=USD&CustomerEmail=9bd8e725be3a579ecc53dcb5f57d5e83c1132c26&CustomerId=157663&CustomerStatus=Existing&EventDate=2025-06-19T19%3A48%3A13.000Z&IntegrationSource=Impact_BigCommerce_Plugin&IpAddress=68.2.202.213&OrderId=2206499&OrderPromoCode=Vacay&ItemSku1=GUM-NCL-060-0600&ItemQuantity1=1&ItemCategory1=Koi%20CBD%20Gummies%20%7C%20Nighttime%20Rest&ItemSubtotal1=59.99&ItemSku2=GUM-BLM-020-0200-1&ItemQuantity2=1&ItemCategory2=Anytime%20Balance%20-%2020%20count&ItemSubtotal2=21.25&ItemSku3=GUM-NCL-060-0600&ItemQuantity3=1&ItemCategory3=Koi%20CBD%20Gummies%20%7C%20Nighttime%20Rest&ItemSubtotal3=0
2025-06-19 19:48:10,A-3c897f56-a072-4b2d-9f44-7779cf5092fa,"[{""type"":""Contract Error"",""msg"":""CLICK_AFTER_CONVERSION_EVENT""}]",ActionTrackerId=57804&CampaignId=36368&ClickId=%7Ee-2XSNQXPFCGHyFAzApxnefkhd89choriofklbc4URNFzqmf72ZP&CurrencyCode=USD&CustomerEmail=66d1f4a2c5329680073c5c88a58f49906cdd381f&CustomerId=5159&CustomerStatus=Existing&EventDate=2025-06-19T19%3A46%3A59.000Z&IntegrationSource=Impact_BigCommerce_Plugin&OrderId=2206498&OrderPromoCode=3NBO3ME4&ItemSku1=GUM-BLR-020-0200D9&ItemQuantity1=2&ItemCategory1=Koi%20Delta%209%20THC%20Gummies&ItemSubtotal1=23.98
2025-06-19 19:44:10,A-e9b56a55-b81c-4bc2-94cd-3723889d0154,"[{""type"":""Contract Error"",""msg"":""CLICK_AFTER_CONVERSION_EVENT""}]",ActionTrackerId=57804&CampaignId=36368&ClickId=%7Eb9c8afmoqjofg-cilmcja34ZSYRSLCBGJCEBCrsmhe%7E2SKGzojg9&CurrencyCode=USD&CustomerEmail=05a5c824e834f42150b5407d886329bf9e9f8fb8&CustomerStatus=New&EventDate=2025-06-19T19%3A41%3A58.000Z&IntegrationSource=Impact_BigCommerce_Plugin&OrderId=2206497&OrderPromoCode=VACay&ItemSku1=GUM-BLK-020-2500&ItemQuantity1=1&ItemCategory1=Koi%20Dragon%20Blend%20Gummies&ItemSubtotal1=79.99&ItemSku2=GUM-BLK-020-2500&ItemQuantity2=1&ItemCategory2=Koi%20Dragon%20Blend%20Gummies&ItemSubtotal2=0